"chemical","C","Cl","H","formula","chemical_type"
1,7,3,13,"C7Cl3H13","CPs"
2,8,3,15,"C8Cl3H15","CPs"
3,9,3,17,"C9Cl3H17","CPs"
4,10,3,19,"C10Cl3H19","CPs"
5,11,3,21,"C11Cl3H21","CPs"
6,12,3,23,"C12Cl3H23","CPs"
7,13,3,25,"C13Cl3H25","CPs"
8,14,3,27,"C14Cl3H27","CPs"
9,15,3,29,"C15Cl3H29","CPs"
10,16,3,31,"C16Cl3H31","CPs"
11,17,3,33,"C17Cl3H33","CPs"
12,18,3,35,"C18Cl3H35","CPs"
13,19,3,37,"C19Cl3H37","CPs"
14,20,3,39,"C20Cl3H39","CPs"
15,21,3,41,"C21Cl3H41","CPs"
16,22,3,43,"C22Cl3H43","CPs"
17,23,3,45,"C23Cl3H45","CPs"
18,24,3,47,"C24Cl3H47","CPs"
19,25,3,49,"C25Cl3H49","CPs"
20,26,3,51,"C26Cl3H51","CPs"
21,27,3,53,"C27Cl3H53","CPs"
22,28,3,55,"C28Cl3H55","CPs"
23,29,3,57,"C29Cl3H57","CPs"
24,30,3,59,"C30Cl3H59","CPs"
25,31,3,61,"C31Cl3H61","CPs"
26,32,3,63,"C32Cl3H63","CPs"
27,33,3,65,"C33Cl3H65","CPs"
28,34,3,67,"C34Cl3H67","CPs"
29,35,3,69,"C35Cl3H69","CPs"
30,36,3,71,"C36Cl3H71","CPs"
31,7,4,12,"C7Cl4H12","CPs"
32,8,4,14,"C8Cl4H14","CPs"
33,9,4,16,"C9Cl4H16","CPs"
34,10,4,18,"C10Cl4H18","CPs"
35,11,4,20,"C11Cl4H20","CPs"
36,12,4,22,"C12Cl4H22","CPs"
37,13,4,24,"C13Cl4H24","CPs"
38,14,4,26,"C14Cl4H26","CPs"
39,15,4,28,"C15Cl4H28","CPs"
40,16,4,30,"C16Cl4H30","CPs"
41,17,4,32,"C17Cl4H32","CPs"
42,18,4,34,"C18Cl4H34","CPs"
43,19,4,36,"C19Cl4H36","CPs"
44,20,4,38,"C20Cl4H38","CPs"
45,21,4,40,"C21Cl4H40","CPs"
46,22,4,42,"C22Cl4H42","CPs"
47,23,4,44,"C23Cl4H44","CPs"
48,24,4,46,"C24Cl4H46","CPs"
49,25,4,48,"C25Cl4H48","CPs"
50,26,4,50,"C26Cl4H50","CPs"
51,27,4,52,"C27Cl4H52","CPs"
52,28,4,54,"C28Cl4H54","CPs"
53,29,4,56,"C29Cl4H56","CPs"
54,30,4,58,"C30Cl4H58","CPs"
55,31,4,60,"C31Cl4H60","CPs"
56,32,4,62,"C32Cl4H62","CPs"
57,33,4,64,"C33Cl4H64","CPs"
58,34,4,66,"C34Cl4H66","CPs"
59,35,4,68,"C35Cl4H68","CPs"
60,36,4,70,"C36Cl4H70","CPs"
61,7,5,11,"C7Cl5H11","CPs"
62,8,5,13,"C8Cl5H13","CPs"
63,9,5,15,"C9Cl5H15","CPs"
64,10,5,17,"C10Cl5H17","CPs"
65,11,5,19,"C11Cl5H19","CPs"
66,12,5,21,"C12Cl5H21","CPs"
67,13,5,23,"C13Cl5H23","CPs"
68,14,5,25,"C14Cl5H25","CPs"
69,15,5,27,"C15Cl5H27","CPs"
70,16,5,29,"C16Cl5H29","CPs"
71,17,5,31,"C17Cl5H31","CPs"
72,18,5,33,"C18Cl5H33","CPs"
73,19,5,35,"C19Cl5H35","CPs"
74,20,5,37,"C20Cl5H37","CPs"
75,21,5,39,"C21Cl5H39","CPs"
76,22,5,41,"C22Cl5H41","CPs"
77,23,5,43,"C23Cl5H43","CPs"
78,24,5,45,"C24Cl5H45","CPs"
79,25,5,47,"C25Cl5H47","CPs"
80,26,5,49,"C26Cl5H49","CPs"
81,27,5,51,"C27Cl5H51","CPs"
82,28,5,53,"C28Cl5H53","CPs"
83,29,5,55,"C29Cl5H55","CPs"
84,30,5,57,"C30Cl5H57","CPs"
85,31,5,59,"C31Cl5H59","CPs"
86,32,5,61,"C32Cl5H61","CPs"
87,33,5,63,"C33Cl5H63","CPs"
88,34,5,65,"C34Cl5H65","CPs"
89,35,5,67,"C35Cl5H67","CPs"
90,36,5,69,"C36Cl5H69","CPs"
91,7,6,10,"C7Cl6H10","CPs"
92,8,6,12,"C8Cl6H12","CPs"
93,9,6,14,"C9Cl6H14","CPs"
94,10,6,16,"C10Cl6H16","CPs"
95,11,6,18,"C11Cl6H18","CPs"
96,12,6,20,"C12Cl6H20","CPs"
97,13,6,22,"C13Cl6H22","CPs"
98,14,6,24,"C14Cl6H24","CPs"
99,15,6,26,"C15Cl6H26","CPs"
100,16,6,28,"C16Cl6H28","CPs"
101,17,6,30,"C17Cl6H30","CPs"
102,18,6,32,"C18Cl6H32","CPs"
103,19,6,34,"C19Cl6H34","CPs"
104,20,6,36,"C20Cl6H36","CPs"
105,21,6,38,"C21Cl6H38","CPs"
106,22,6,40,"C22Cl6H40","CPs"
107,23,6,42,"C23Cl6H42","CPs"
108,24,6,44,"C24Cl6H44","CPs"
109,25,6,46,"C25Cl6H46","CPs"
110,26,6,48,"C26Cl6H48","CPs"
111,27,6,50,"C27Cl6H50","CPs"
112,28,6,52,"C28Cl6H52","CPs"
113,29,6,54,"C29Cl6H54","CPs"
114,30,6,56,"C30Cl6H56","CPs"
115,31,6,58,"C31Cl6H58","CPs"
116,32,6,60,"C32Cl6H60","CPs"
117,33,6,62,"C33Cl6H62","CPs"
118,34,6,64,"C34Cl6H64","CPs"
119,35,6,66,"C35Cl6H66","CPs"
120,36,6,68,"C36Cl6H68","CPs"
121,7,7,9,"C7Cl7H9","CPs"
122,8,7,11,"C8Cl7H11","CPs"
123,9,7,13,"C9Cl7H13","CPs"
124,10,7,15,"C10Cl7H15","CPs"
125,11,7,17,"C11Cl7H17","CPs"
126,12,7,19,"C12Cl7H19","CPs"
127,13,7,21,"C13Cl7H21","CPs"
128,14,7,23,"C14Cl7H23","CPs"
129,15,7,25,"C15Cl7H25","CPs"
130,16,7,27,"C16Cl7H27","CPs"
131,17,7,29,"C17Cl7H29","CPs"
132,18,7,31,"C18Cl7H31","CPs"
133,19,7,33,"C19Cl7H33","CPs"
134,20,7,35,"C20Cl7H35","CPs"
135,21,7,37,"C21Cl7H37","CPs"
136,22,7,39,"C22Cl7H39","CPs"
137,23,7,41,"C23Cl7H41","CPs"
138,24,7,43,"C24Cl7H43","CPs"
139,25,7,45,"C25Cl7H45","CPs"
140,26,7,47,"C26Cl7H47","CPs"
141,27,7,49,"C27Cl7H49","CPs"
142,28,7,51,"C28Cl7H51","CPs"
143,29,7,53,"C29Cl7H53","CPs"
144,30,7,55,"C30Cl7H55","CPs"
145,31,7,57,"C31Cl7H57","CPs"
146,32,7,59,"C32Cl7H59","CPs"
147,33,7,61,"C33Cl7H61","CPs"
148,34,7,63,"C34Cl7H63","CPs"
149,35,7,65,"C35Cl7H65","CPs"
150,36,7,67,"C36Cl7H67","CPs"
151,7,8,8,"C7Cl8H8","CPs"
152,8,8,10,"C8Cl8H10","CPs"
153,9,8,12,"C9Cl8H12","CPs"
154,10,8,14,"C10Cl8H14","CPs"
155,11,8,16,"C11Cl8H16","CPs"
156,12,8,18,"C12Cl8H18","CPs"
157,13,8,20,"C13Cl8H20","CPs"
158,14,8,22,"C14Cl8H22","CPs"
159,15,8,24,"C15Cl8H24","CPs"
160,16,8,26,"C16Cl8H26","CPs"
161,17,8,28,"C17Cl8H28","CPs"
162,18,8,30,"C18Cl8H30","CPs"
163,19,8,32,"C19Cl8H32","CPs"
164,20,8,34,"C20Cl8H34","CPs"
165,21,8,36,"C21Cl8H36","CPs"
166,22,8,38,"C22Cl8H38","CPs"
167,23,8,40,"C23Cl8H40","CPs"
168,24,8,42,"C24Cl8H42","CPs"
169,25,8,44,"C25Cl8H44","CPs"
170,26,8,46,"C26Cl8H46","CPs"
171,27,8,48,"C27Cl8H48","CPs"
172,28,8,50,"C28Cl8H50","CPs"
173,29,8,52,"C29Cl8H52","CPs"
174,30,8,54,"C30Cl8H54","CPs"
175,31,8,56,"C31Cl8H56","CPs"
176,32,8,58,"C32Cl8H58","CPs"
177,33,8,60,"C33Cl8H60","CPs"
178,34,8,62,"C34Cl8H62","CPs"
179,35,8,64,"C35Cl8H64","CPs"
180,36,8,66,"C36Cl8H66","CPs"
181,7,9,7,"C7Cl9H7","CPs"
182,8,9,9,"C8Cl9H9","CPs"
183,9,9,11,"C9Cl9H11","CPs"
184,10,9,13,"C10Cl9H13","CPs"
185,11,9,15,"C11Cl9H15","CPs"
186,12,9,17,"C12Cl9H17","CPs"
187,13,9,19,"C13Cl9H19","CPs"
188,14,9,21,"C14Cl9H21","CPs"
189,15,9,23,"C15Cl9H23","CPs"
190,16,9,25,"C16Cl9H25","CPs"
191,17,9,27,"C17Cl9H27","CPs"
192,18,9,29,"C18Cl9H29","CPs"
193,19,9,31,"C19Cl9H31","CPs"
194,20,9,33,"C20Cl9H33","CPs"
195,21,9,35,"C21Cl9H35","CPs"
196,22,9,37,"C22Cl9H37","CPs"
197,23,9,39,"C23Cl9H39","CPs"
198,24,9,41,"C24Cl9H41","CPs"
199,25,9,43,"C25Cl9H43","CPs"
200,26,9,45,"C26Cl9H45","CPs"
201,27,9,47,"C27Cl9H47","CPs"
202,28,9,49,"C28Cl9H49","CPs"
203,29,9,51,"C29Cl9H51","CPs"
204,30,9,53,"C30Cl9H53","CPs"
205,31,9,55,"C31Cl9H55","CPs"
206,32,9,57,"C32Cl9H57","CPs"
207,33,9,59,"C33Cl9H59","CPs"
208,34,9,61,"C34Cl9H61","CPs"
209,35,9,63,"C35Cl9H63","CPs"
210,36,9,65,"C36Cl9H65","CPs"
211,7,10,6,"C7Cl10H6","CPs"
212,8,10,8,"C8Cl10H8","CPs"
213,9,10,10,"C9Cl10H10","CPs"
214,10,10,12,"C10Cl10H12","CPs"
215,11,10,14,"C11Cl10H14","CPs"
216,12,10,16,"C12Cl10H16","CPs"
217,13,10,18,"C13Cl10H18","CPs"
218,14,10,20,"C14Cl10H20","CPs"
219,15,10,22,"C15Cl10H22","CPs"
220,16,10,24,"C16Cl10H24","CPs"
221,17,10,26,"C17Cl10H26","CPs"
222,18,10,28,"C18Cl10H28","CPs"
223,19,10,30,"C19Cl10H30","CPs"
224,20,10,32,"C20Cl10H32","CPs"
225,21,10,34,"C21Cl10H34","CPs"
226,22,10,36,"C22Cl10H36","CPs"
227,23,10,38,"C23Cl10H38","CPs"
228,24,10,40,"C24Cl10H40","CPs"
229,25,10,42,"C25Cl10H42","CPs"
230,26,10,44,"C26Cl10H44","CPs"
231,27,10,46,"C27Cl10H46","CPs"
232,28,10,48,"C28Cl10H48","CPs"
233,29,10,50,"C29Cl10H50","CPs"
234,30,10,52,"C30Cl10H52","CPs"
235,31,10,54,"C31Cl10H54","CPs"
236,32,10,56,"C32Cl10H56","CPs"
237,33,10,58,"C33Cl10H58","CPs"
238,34,10,60,"C34Cl10H60","CPs"
239,35,10,62,"C35Cl10H62","CPs"
240,36,10,64,"C36Cl10H64","CPs"
241,7,11,5,"C7Cl11H5","CPs"
242,8,11,7,"C8Cl11H7","CPs"
243,9,11,9,"C9Cl11H9","CPs"
244,10,11,11,"C10Cl11H11","CPs"
245,11,11,13,"C11Cl11H13","CPs"
246,12,11,15,"C12Cl11H15","CPs"
247,13,11,17,"C13Cl11H17","CPs"
248,14,11,19,"C14Cl11H19","CPs"
249,15,11,21,"C15Cl11H21","CPs"
250,16,11,23,"C16Cl11H23","CPs"
251,17,11,25,"C17Cl11H25","CPs"
252,18,11,27,"C18Cl11H27","CPs"
253,19,11,29,"C19Cl11H29","CPs"
254,20,11,31,"C20Cl11H31","CPs"
255,21,11,33,"C21Cl11H33","CPs"
256,22,11,35,"C22Cl11H35","CPs"
257,23,11,37,"C23Cl11H37","CPs"
258,24,11,39,"C24Cl11H39","CPs"
259,25,11,41,"C25Cl11H41","CPs"
260,26,11,43,"C26Cl11H43","CPs"
261,27,11,45,"C27Cl11H45","CPs"
262,28,11,47,"C28Cl11H47","CPs"
263,29,11,49,"C29Cl11H49","CPs"
264,30,11,51,"C30Cl11H51","CPs"
265,31,11,53,"C31Cl11H53","CPs"
266,32,11,55,"C32Cl11H55","CPs"
267,33,11,57,"C33Cl11H57","CPs"
268,34,11,59,"C34Cl11H59","CPs"
269,35,11,61,"C35Cl11H61","CPs"
270,36,11,63,"C36Cl11H63","CPs"
271,7,12,4,"C7Cl12H4","CPs"
272,8,12,6,"C8Cl12H6","CPs"
273,9,12,8,"C9Cl12H8","CPs"
274,10,12,10,"C10Cl12H10","CPs"
275,11,12,12,"C11Cl12H12","CPs"
276,12,12,14,"C12Cl12H14","CPs"
277,13,12,16,"C13Cl12H16","CPs"
278,14,12,18,"C14Cl12H18","CPs"
279,15,12,20,"C15Cl12H20","CPs"
280,16,12,22,"C16Cl12H22","CPs"
281,17,12,24,"C17Cl12H24","CPs"
282,18,12,26,"C18Cl12H26","CPs"
283,19,12,28,"C19Cl12H28","CPs"
284,20,12,30,"C20Cl12H30","CPs"
285,21,12,32,"C21Cl12H32","CPs"
286,22,12,34,"C22Cl12H34","CPs"
287,23,12,36,"C23Cl12H36","CPs"
288,24,12,38,"C24Cl12H38","CPs"
289,25,12,40,"C25Cl12H40","CPs"
290,26,12,42,"C26Cl12H42","CPs"
291,27,12,44,"C27Cl12H44","CPs"
292,28,12,46,"C28Cl12H46","CPs"
293,29,12,48,"C29Cl12H48","CPs"
294,30,12,50,"C30Cl12H50","CPs"
295,31,12,52,"C31Cl12H52","CPs"
296,32,12,54,"C32Cl12H54","CPs"
297,33,12,56,"C33Cl12H56","CPs"
298,34,12,58,"C34Cl12H58","CPs"
299,35,12,60,"C35Cl12H60","CPs"
300,36,12,62,"C36Cl12H62","CPs"
301,7,13,3,"C7Cl13H3","CPs"
302,8,13,5,"C8Cl13H5","CPs"
303,9,13,7,"C9Cl13H7","CPs"
304,10,13,9,"C10Cl13H9","CPs"
305,11,13,11,"C11Cl13H11","CPs"
306,12,13,13,"C12Cl13H13","CPs"
307,13,13,15,"C13Cl13H15","CPs"
308,14,13,17,"C14Cl13H17","CPs"
309,15,13,19,"C15Cl13H19","CPs"
310,16,13,21,"C16Cl13H21","CPs"
311,17,13,23,"C17Cl13H23","CPs"
312,18,13,25,"C18Cl13H25","CPs"
313,19,13,27,"C19Cl13H27","CPs"
314,20,13,29,"C20Cl13H29","CPs"
315,21,13,31,"C21Cl13H31","CPs"
316,22,13,33,"C22Cl13H33","CPs"
317,23,13,35,"C23Cl13H35","CPs"
318,24,13,37,"C24Cl13H37","CPs"
319,25,13,39,"C25Cl13H39","CPs"
320,26,13,41,"C26Cl13H41","CPs"
321,27,13,43,"C27Cl13H43","CPs"
322,28,13,45,"C28Cl13H45","CPs"
323,29,13,47,"C29Cl13H47","CPs"
324,30,13,49,"C30Cl13H49","CPs"
325,31,13,51,"C31Cl13H51","CPs"
326,32,13,53,"C32Cl13H53","CPs"
327,33,13,55,"C33Cl13H55","CPs"
328,34,13,57,"C34Cl13H57","CPs"
329,35,13,59,"C35Cl13H59","CPs"
330,36,13,61,"C36Cl13H61","CPs"
331,7,14,2,"C7Cl14H2","CPs"
332,8,14,4,"C8Cl14H4","CPs"
333,9,14,6,"C9Cl14H6","CPs"
334,10,14,8,"C10Cl14H8","CPs"
335,11,14,10,"C11Cl14H10","CPs"
336,12,14,12,"C12Cl14H12","CPs"
337,13,14,14,"C13Cl14H14","CPs"
338,14,14,16,"C14Cl14H16","CPs"
339,15,14,18,"C15Cl14H18","CPs"
340,16,14,20,"C16Cl14H20","CPs"
341,17,14,22,"C17Cl14H22","CPs"
342,18,14,24,"C18Cl14H24","CPs"
343,19,14,26,"C19Cl14H26","CPs"
344,20,14,28,"C20Cl14H28","CPs"
345,21,14,30,"C21Cl14H30","CPs"
346,22,14,32,"C22Cl14H32","CPs"
347,23,14,34,"C23Cl14H34","CPs"
348,24,14,36,"C24Cl14H36","CPs"
349,25,14,38,"C25Cl14H38","CPs"
350,26,14,40,"C26Cl14H40","CPs"
351,27,14,42,"C27Cl14H42","CPs"
352,28,14,44,"C28Cl14H44","CPs"
353,29,14,46,"C29Cl14H46","CPs"
354,30,14,48,"C30Cl14H48","CPs"
355,31,14,50,"C31Cl14H50","CPs"
356,32,14,52,"C32Cl14H52","CPs"
357,33,14,54,"C33Cl14H54","CPs"
358,34,14,56,"C34Cl14H56","CPs"
359,35,14,58,"C35Cl14H58","CPs"
360,36,14,60,"C36Cl14H60","CPs"
361,7,15,1,"C7Cl15H1","CPs"
362,8,15,3,"C8Cl15H3","CPs"
363,9,15,5,"C9Cl15H5","CPs"
364,10,15,7,"C10Cl15H7","CPs"
365,11,15,9,"C11Cl15H9","CPs"
366,12,15,11,"C12Cl15H11","CPs"
367,13,15,13,"C13Cl15H13","CPs"
368,14,15,15,"C14Cl15H15","CPs"
369,15,15,17,"C15Cl15H17","CPs"
370,16,15,19,"C16Cl15H19","CPs"
371,17,15,21,"C17Cl15H21","CPs"
372,18,15,23,"C18Cl15H23","CPs"
373,19,15,25,"C19Cl15H25","CPs"
374,20,15,27,"C20Cl15H27","CPs"
375,21,15,29,"C21Cl15H29","CPs"
376,22,15,31,"C22Cl15H31","CPs"
377,23,15,33,"C23Cl15H33","CPs"
378,24,15,35,"C24Cl15H35","CPs"
379,25,15,37,"C25Cl15H37","CPs"
380,26,15,39,"C26Cl15H39","CPs"
381,27,15,41,"C27Cl15H41","CPs"
382,28,15,43,"C28Cl15H43","CPs"
383,29,15,45,"C29Cl15H45","CPs"
384,30,15,47,"C30Cl15H47","CPs"
385,31,15,49,"C31Cl15H49","CPs"
386,32,15,51,"C32Cl15H51","CPs"
387,33,15,53,"C33Cl15H53","CPs"
388,34,15,55,"C34Cl15H55","CPs"
389,35,15,57,"C35Cl15H57","CPs"
390,36,15,59,"C36Cl15H59","CPs"
391,8,16,2,"C8Cl16H2","CPs"
392,9,16,4,"C9Cl16H4","CPs"
393,10,16,6,"C10Cl16H6","CPs"
394,11,16,8,"C11Cl16H8","CPs"
395,12,16,10,"C12Cl16H10","CPs"
396,13,16,12,"C13Cl16H12","CPs"
397,14,16,14,"C14Cl16H14","CPs"
398,15,16,16,"C15Cl16H16","CPs"
399,16,16,18,"C16Cl16H18","CPs"
400,17,16,20,"C17Cl16H20","CPs"
401,18,16,22,"C18Cl16H22","CPs"
402,19,16,24,"C19Cl16H24","CPs"
403,20,16,26,"C20Cl16H26","CPs"
404,21,16,28,"C21Cl16H28","CPs"
405,22,16,30,"C22Cl16H30","CPs"
406,23,16,32,"C23Cl16H32","CPs"
407,24,16,34,"C24Cl16H34","CPs"
408,25,16,36,"C25Cl16H36","CPs"
409,26,16,38,"C26Cl16H38","CPs"
410,27,16,40,"C27Cl16H40","CPs"
411,28,16,42,"C28Cl16H42","CPs"
412,29,16,44,"C29Cl16H44","CPs"
413,30,16,46,"C30Cl16H46","CPs"
414,31,16,48,"C31Cl16H48","CPs"
415,32,16,50,"C32Cl16H50","CPs"
416,33,16,52,"C33Cl16H52","CPs"
417,34,16,54,"C34Cl16H54","CPs"
418,35,16,56,"C35Cl16H56","CPs"
419,36,16,58,"C36Cl16H58","CPs"
420,8,17,1,"C8Cl17H1","CPs"
421,9,17,3,"C9Cl17H3","CPs"
422,10,17,5,"C10Cl17H5","CPs"
423,11,17,7,"C11Cl17H7","CPs"
424,12,17,9,"C12Cl17H9","CPs"
425,13,17,11,"C13Cl17H11","CPs"
426,14,17,13,"C14Cl17H13","CPs"
427,15,17,15,"C15Cl17H15","CPs"
428,16,17,17,"C16Cl17H17","CPs"
429,17,17,19,"C17Cl17H19","CPs"
430,18,17,21,"C18Cl17H21","CPs"
431,19,17,23,"C19Cl17H23","CPs"
432,20,17,25,"C20Cl17H25","CPs"
433,21,17,27,"C21Cl17H27","CPs"
434,22,17,29,"C22Cl17H29","CPs"
435,23,17,31,"C23Cl17H31","CPs"
436,24,17,33,"C24Cl17H33","CPs"
437,25,17,35,"C25Cl17H35","CPs"
438,26,17,37,"C26Cl17H37","CPs"
439,27,17,39,"C27Cl17H39","CPs"
440,28,17,41,"C28Cl17H41","CPs"
441,29,17,43,"C29Cl17H43","CPs"
442,30,17,45,"C30Cl17H45","CPs"
443,31,17,47,"C31Cl17H47","CPs"
444,32,17,49,"C32Cl17H49","CPs"
445,33,17,51,"C33Cl17H51","CPs"
446,34,17,53,"C34Cl17H53","CPs"
447,35,17,55,"C35Cl17H55","CPs"
448,36,17,57,"C36Cl17H57","CPs"
449,9,18,2,"C9Cl18H2","CPs"
450,10,18,4,"C10Cl18H4","CPs"
451,11,18,6,"C11Cl18H6","CPs"
452,12,18,8,"C12Cl18H8","CPs"
453,13,18,10,"C13Cl18H10","CPs"
454,14,18,12,"C14Cl18H12","CPs"
455,15,18,14,"C15Cl18H14","CPs"
456,16,18,16,"C16Cl18H16","CPs"
457,17,18,18,"C17Cl18H18","CPs"
458,18,18,20,"C18Cl18H20","CPs"
459,19,18,22,"C19Cl18H22","CPs"
460,20,18,24,"C20Cl18H24","CPs"
461,21,18,26,"C21Cl18H26","CPs"
462,22,18,28,"C22Cl18H28","CPs"
463,23,18,30,"C23Cl18H30","CPs"
464,24,18,32,"C24Cl18H32","CPs"
465,25,18,34,"C25Cl18H34","CPs"
466,26,18,36,"C26Cl18H36","CPs"
467,27,18,38,"C27Cl18H38","CPs"
468,28,18,40,"C28Cl18H40","CPs"
469,29,18,42,"C29Cl18H42","CPs"
470,30,18,44,"C30Cl18H44","CPs"
471,31,18,46,"C31Cl18H46","CPs"
472,32,18,48,"C32Cl18H48","CPs"
473,33,18,50,"C33Cl18H50","CPs"
474,34,18,52,"C34Cl18H52","CPs"
475,35,18,54,"C35Cl18H54","CPs"
476,36,18,56,"C36Cl18H56","CPs"
477,9,19,1,"C9Cl19H1","CPs"
478,10,19,3,"C10Cl19H3","CPs"
479,11,19,5,"C11Cl19H5","CPs"
480,12,19,7,"C12Cl19H7","CPs"
481,13,19,9,"C13Cl19H9","CPs"
482,14,19,11,"C14Cl19H11","CPs"
483,15,19,13,"C15Cl19H13","CPs"
484,16,19,15,"C16Cl19H15","CPs"
485,17,19,17,"C17Cl19H17","CPs"
486,18,19,19,"C18Cl19H19","CPs"
487,19,19,21,"C19Cl19H21","CPs"
488,20,19,23,"C20Cl19H23","CPs"
489,21,19,25,"C21Cl19H25","CPs"
490,22,19,27,"C22Cl19H27","CPs"
491,23,19,29,"C23Cl19H29","CPs"
492,24,19,31,"C24Cl19H31","CPs"
493,25,19,33,"C25Cl19H33","CPs"
494,26,19,35,"C26Cl19H35","CPs"
495,27,19,37,"C27Cl19H37","CPs"
496,28,19,39,"C28Cl19H39","CPs"
497,29,19,41,"C29Cl19H41","CPs"
498,30,19,43,"C30Cl19H43","CPs"
499,31,19,45,"C31Cl19H45","CPs"
500,32,19,47,"C32Cl19H47","CPs"
501,33,19,49,"C33Cl19H49","CPs"
502,34,19,51,"C34Cl19H51","CPs"
503,35,19,53,"C35Cl19H53","CPs"
504,36,19,55,"C36Cl19H55","CPs"
505,10,20,2,"C10Cl20H2","CPs"
506,11,20,4,"C11Cl20H4","CPs"
507,12,20,6,"C12Cl20H6","CPs"
508,13,20,8,"C13Cl20H8","CPs"
509,14,20,10,"C14Cl20H10","CPs"
510,15,20,12,"C15Cl20H12","CPs"
511,16,20,14,"C16Cl20H14","CPs"
512,17,20,16,"C17Cl20H16","CPs"
513,18,20,18,"C18Cl20H18","CPs"
514,19,20,20,"C19Cl20H20","CPs"
515,20,20,22,"C20Cl20H22","CPs"
516,21,20,24,"C21Cl20H24","CPs"
517,22,20,26,"C22Cl20H26","CPs"
518,23,20,28,"C23Cl20H28","CPs"
519,24,20,30,"C24Cl20H30","CPs"
520,25,20,32,"C25Cl20H32","CPs"
521,26,20,34,"C26Cl20H34","CPs"
522,27,20,36,"C27Cl20H36","CPs"
523,28,20,38,"C28Cl20H38","CPs"
524,29,20,40,"C29Cl20H40","CPs"
525,30,20,42,"C30Cl20H42","CPs"
526,31,20,44,"C31Cl20H44","CPs"
527,32,20,46,"C32Cl20H46","CPs"
528,33,20,48,"C33Cl20H48","CPs"
529,34,20,50,"C34Cl20H50","CPs"
530,35,20,52,"C35Cl20H52","CPs"
531,36,20,54,"C36Cl20H54","CPs"
532,10,21,1,"C10Cl21H1","CPs"
533,11,21,3,"C11Cl21H3","CPs"
534,12,21,5,"C12Cl21H5","CPs"
535,13,21,7,"C13Cl21H7","CPs"
536,14,21,9,"C14Cl21H9","CPs"
537,15,21,11,"C15Cl21H11","CPs"
538,16,21,13,"C16Cl21H13","CPs"
539,17,21,15,"C17Cl21H15","CPs"
540,18,21,17,"C18Cl21H17","CPs"
541,19,21,19,"C19Cl21H19","CPs"
542,20,21,21,"C20Cl21H21","CPs"
543,21,21,23,"C21Cl21H23","CPs"
544,22,21,25,"C22Cl21H25","CPs"
545,23,21,27,"C23Cl21H27","CPs"
546,24,21,29,"C24Cl21H29","CPs"
547,25,21,31,"C25Cl21H31","CPs"
548,26,21,33,"C26Cl21H33","CPs"
549,27,21,35,"C27Cl21H35","CPs"
550,28,21,37,"C28Cl21H37","CPs"
551,29,21,39,"C29Cl21H39","CPs"
552,30,21,41,"C30Cl21H41","CPs"
553,31,21,43,"C31Cl21H43","CPs"
554,32,21,45,"C32Cl21H45","CPs"
555,33,21,47,"C33Cl21H47","CPs"
556,34,21,49,"C34Cl21H49","CPs"
557,35,21,51,"C35Cl21H51","CPs"
558,36,21,53,"C36Cl21H53","CPs"
559,11,22,2,"C11Cl22H2","CPs"
560,12,22,4,"C12Cl22H4","CPs"
561,13,22,6,"C13Cl22H6","CPs"
562,14,22,8,"C14Cl22H8","CPs"
563,15,22,10,"C15Cl22H10","CPs"
564,16,22,12,"C16Cl22H12","CPs"
565,17,22,14,"C17Cl22H14","CPs"
566,18,22,16,"C18Cl22H16","CPs"
567,19,22,18,"C19Cl22H18","CPs"
568,20,22,20,"C20Cl22H20","CPs"
569,21,22,22,"C21Cl22H22","CPs"
570,22,22,24,"C22Cl22H24","CPs"
571,23,22,26,"C23Cl22H26","CPs"
572,24,22,28,"C24Cl22H28","CPs"
573,25,22,30,"C25Cl22H30","CPs"
574,26,22,32,"C26Cl22H32","CPs"
575,27,22,34,"C27Cl22H34","CPs"
576,28,22,36,"C28Cl22H36","CPs"
577,29,22,38,"C29Cl22H38","CPs"
578,30,22,40,"C30Cl22H40","CPs"
579,31,22,42,"C31Cl22H42","CPs"
580,32,22,44,"C32Cl22H44","CPs"
581,33,22,46,"C33Cl22H46","CPs"
582,34,22,48,"C34Cl22H48","CPs"
583,35,22,50,"C35Cl22H50","CPs"
584,36,22,52,"C36Cl22H52","CPs"
585,11,23,1,"C11Cl23H1","CPs"
586,12,23,3,"C12Cl23H3","CPs"
587,13,23,5,"C13Cl23H5","CPs"
588,14,23,7,"C14Cl23H7","CPs"
589,15,23,9,"C15Cl23H9","CPs"
590,16,23,11,"C16Cl23H11","CPs"
591,17,23,13,"C17Cl23H13","CPs"
592,18,23,15,"C18Cl23H15","CPs"
593,19,23,17,"C19Cl23H17","CPs"
594,20,23,19,"C20Cl23H19","CPs"
595,21,23,21,"C21Cl23H21","CPs"
596,22,23,23,"C22Cl23H23","CPs"
597,23,23,25,"C23Cl23H25","CPs"
598,24,23,27,"C24Cl23H27","CPs"
599,25,23,29,"C25Cl23H29","CPs"
600,26,23,31,"C26Cl23H31","CPs"
601,27,23,33,"C27Cl23H33","CPs"
602,28,23,35,"C28Cl23H35","CPs"
603,29,23,37,"C29Cl23H37","CPs"
604,30,23,39,"C30Cl23H39","CPs"
605,31,23,41,"C31Cl23H41","CPs"
606,32,23,43,"C32Cl23H43","CPs"
607,33,23,45,"C33Cl23H45","CPs"
608,34,23,47,"C34Cl23H47","CPs"
609,35,23,49,"C35Cl23H49","CPs"
610,36,23,51,"C36Cl23H51","CPs"
611,12,24,2,"C12Cl24H2","CPs"
612,13,24,4,"C13Cl24H4","CPs"
613,14,24,6,"C14Cl24H6","CPs"
614,15,24,8,"C15Cl24H8","CPs"
615,16,24,10,"C16Cl24H10","CPs"
616,17,24,12,"C17Cl24H12","CPs"
617,18,24,14,"C18Cl24H14","CPs"
618,19,24,16,"C19Cl24H16","CPs"
619,20,24,18,"C20Cl24H18","CPs"
620,21,24,20,"C21Cl24H20","CPs"
621,22,24,22,"C22Cl24H22","CPs"
622,23,24,24,"C23Cl24H24","CPs"
623,24,24,26,"C24Cl24H26","CPs"
624,25,24,28,"C25Cl24H28","CPs"
625,26,24,30,"C26Cl24H30","CPs"
626,27,24,32,"C27Cl24H32","CPs"
627,28,24,34,"C28Cl24H34","CPs"
628,29,24,36,"C29Cl24H36","CPs"
629,30,24,38,"C30Cl24H38","CPs"
630,31,24,40,"C31Cl24H40","CPs"
631,32,24,42,"C32Cl24H42","CPs"
632,33,24,44,"C33Cl24H44","CPs"
633,34,24,46,"C34Cl24H46","CPs"
634,35,24,48,"C35Cl24H48","CPs"
635,36,24,50,"C36Cl24H50","CPs"
636,12,25,1,"C12Cl25H1","CPs"
637,13,25,3,"C13Cl25H3","CPs"
638,14,25,5,"C14Cl25H5","CPs"
639,15,25,7,"C15Cl25H7","CPs"
640,16,25,9,"C16Cl25H9","CPs"
641,17,25,11,"C17Cl25H11","CPs"
642,18,25,13,"C18Cl25H13","CPs"
643,19,25,15,"C19Cl25H15","CPs"
644,20,25,17,"C20Cl25H17","CPs"
645,21,25,19,"C21Cl25H19","CPs"
646,22,25,21,"C22Cl25H21","CPs"
647,23,25,23,"C23Cl25H23","CPs"
648,24,25,25,"C24Cl25H25","CPs"
649,25,25,27,"C25Cl25H27","CPs"
650,26,25,29,"C26Cl25H29","CPs"
651,27,25,31,"C27Cl25H31","CPs"
652,28,25,33,"C28Cl25H33","CPs"
653,29,25,35,"C29Cl25H35","CPs"
654,30,25,37,"C30Cl25H37","CPs"
655,31,25,39,"C31Cl25H39","CPs"
656,32,25,41,"C32Cl25H41","CPs"
657,33,25,43,"C33Cl25H43","CPs"
658,34,25,45,"C34Cl25H45","CPs"
659,35,25,47,"C35Cl25H47","CPs"
660,36,25,49,"C36Cl25H49","CPs"
661,13,26,2,"C13Cl26H2","CPs"
662,14,26,4,"C14Cl26H4","CPs"
663,15,26,6,"C15Cl26H6","CPs"
664,16,26,8,"C16Cl26H8","CPs"
665,17,26,10,"C17Cl26H10","CPs"
666,18,26,12,"C18Cl26H12","CPs"
667,19,26,14,"C19Cl26H14","CPs"
668,20,26,16,"C20Cl26H16","CPs"
669,21,26,18,"C21Cl26H18","CPs"
670,22,26,20,"C22Cl26H20","CPs"
671,23,26,22,"C23Cl26H22","CPs"
672,24,26,24,"C24Cl26H24","CPs"
673,25,26,26,"C25Cl26H26","CPs"
674,26,26,28,"C26Cl26H28","CPs"
675,27,26,30,"C27Cl26H30","CPs"
676,28,26,32,"C28Cl26H32","CPs"
677,29,26,34,"C29Cl26H34","CPs"
678,30,26,36,"C30Cl26H36","CPs"
679,31,26,38,"C31Cl26H38","CPs"
680,32,26,40,"C32Cl26H40","CPs"
681,33,26,42,"C33Cl26H42","CPs"
682,34,26,44,"C34Cl26H44","CPs"
683,35,26,46,"C35Cl26H46","CPs"
684,36,26,48,"C36Cl26H48","CPs"
685,13,27,1,"C13Cl27H1","CPs"
686,14,27,3,"C14Cl27H3","CPs"
687,15,27,5,"C15Cl27H5","CPs"
688,16,27,7,"C16Cl27H7","CPs"
689,17,27,9,"C17Cl27H9","CPs"
690,18,27,11,"C18Cl27H11","CPs"
691,19,27,13,"C19Cl27H13","CPs"
692,20,27,15,"C20Cl27H15","CPs"
693,21,27,17,"C21Cl27H17","CPs"
694,22,27,19,"C22Cl27H19","CPs"
695,23,27,21,"C23Cl27H21","CPs"
696,24,27,23,"C24Cl27H23","CPs"
697,25,27,25,"C25Cl27H25","CPs"
698,26,27,27,"C26Cl27H27","CPs"
699,27,27,29,"C27Cl27H29","CPs"
700,28,27,31,"C28Cl27H31","CPs"
701,29,27,33,"C29Cl27H33","CPs"
702,30,27,35,"C30Cl27H35","CPs"
703,31,27,37,"C31Cl27H37","CPs"
704,32,27,39,"C32Cl27H39","CPs"
705,33,27,41,"C33Cl27H41","CPs"
706,34,27,43,"C34Cl27H43","CPs"
707,35,27,45,"C35Cl27H45","CPs"
708,36,27,47,"C36Cl27H47","CPs"
709,14,28,2,"C14Cl28H2","CPs"
710,15,28,4,"C15Cl28H4","CPs"
711,16,28,6,"C16Cl28H6","CPs"
712,17,28,8,"C17Cl28H8","CPs"
713,18,28,10,"C18Cl28H10","CPs"
714,19,28,12,"C19Cl28H12","CPs"
715,20,28,14,"C20Cl28H14","CPs"
716,21,28,16,"C21Cl28H16","CPs"
717,22,28,18,"C22Cl28H18","CPs"
718,23,28,20,"C23Cl28H20","CPs"
719,24,28,22,"C24Cl28H22","CPs"
720,25,28,24,"C25Cl28H24","CPs"
721,26,28,26,"C26Cl28H26","CPs"
722,27,28,28,"C27Cl28H28","CPs"
723,28,28,30,"C28Cl28H30","CPs"
724,29,28,32,"C29Cl28H32","CPs"
725,30,28,34,"C30Cl28H34","CPs"
726,31,28,36,"C31Cl28H36","CPs"
727,32,28,38,"C32Cl28H38","CPs"
728,33,28,40,"C33Cl28H40","CPs"
729,34,28,42,"C34Cl28H42","CPs"
730,35,28,44,"C35Cl28H44","CPs"
731,36,28,46,"C36Cl28H46","CPs"
732,14,29,1,"C14Cl29H1","CPs"
733,15,29,3,"C15Cl29H3","CPs"
734,16,29,5,"C16Cl29H5","CPs"
735,17,29,7,"C17Cl29H7","CPs"
736,18,29,9,"C18Cl29H9","CPs"
737,19,29,11,"C19Cl29H11","CPs"
738,20,29,13,"C20Cl29H13","CPs"
739,21,29,15,"C21Cl29H15","CPs"
740,22,29,17,"C22Cl29H17","CPs"
741,23,29,19,"C23Cl29H19","CPs"
742,24,29,21,"C24Cl29H21","CPs"
743,25,29,23,"C25Cl29H23","CPs"
744,26,29,25,"C26Cl29H25","CPs"
745,27,29,27,"C27Cl29H27","CPs"
746,28,29,29,"C28Cl29H29","CPs"
747,29,29,31,"C29Cl29H31","CPs"
748,30,29,33,"C30Cl29H33","CPs"
749,31,29,35,"C31Cl29H35","CPs"
750,32,29,37,"C32Cl29H37","CPs"
751,33,29,39,"C33Cl29H39","CPs"
752,34,29,41,"C34Cl29H41","CPs"
753,35,29,43,"C35Cl29H43","CPs"
754,36,29,45,"C36Cl29H45","CPs"
755,15,30,2,"C15Cl30H2","CPs"
756,16,30,4,"C16Cl30H4","CPs"
757,17,30,6,"C17Cl30H6","CPs"
758,18,30,8,"C18Cl30H8","CPs"
759,19,30,10,"C19Cl30H10","CPs"
760,20,30,12,"C20Cl30H12","CPs"
761,21,30,14,"C21Cl30H14","CPs"
762,22,30,16,"C22Cl30H16","CPs"
763,23,30,18,"C23Cl30H18","CPs"
764,24,30,20,"C24Cl30H20","CPs"
765,25,30,22,"C25Cl30H22","CPs"
766,26,30,24,"C26Cl30H24","CPs"
767,27,30,26,"C27Cl30H26","CPs"
768,28,30,28,"C28Cl30H28","CPs"
769,29,30,30,"C29Cl30H30","CPs"
770,30,30,32,"C30Cl30H32","CPs"
771,31,30,34,"C31Cl30H34","CPs"
772,32,30,36,"C32Cl30H36","CPs"
773,33,30,38,"C33Cl30H38","CPs"
774,34,30,40,"C34Cl30H40","CPs"
775,35,30,42,"C35Cl30H42","CPs"
776,36,30,44,"C36Cl30H44","CPs"
777,7,3,11,"C7Cl3H11","COs"
778,8,3,13,"C8Cl3H13","COs"
779,9,3,15,"C9Cl3H15","COs"
780,10,3,17,"C10Cl3H17","COs"
781,11,3,19,"C11Cl3H19","COs"
782,12,3,21,"C12Cl3H21","COs"
783,13,3,23,"C13Cl3H23","COs"
784,14,3,25,"C14Cl3H25","COs"
785,15,3,27,"C15Cl3H27","COs"
786,16,3,29,"C16Cl3H29","COs"
787,17,3,31,"C17Cl3H31","COs"
788,18,3,33,"C18Cl3H33","COs"
789,19,3,35,"C19Cl3H35","COs"
790,20,3,37,"C20Cl3H37","COs"
791,21,3,39,"C21Cl3H39","COs"
792,22,3,41,"C22Cl3H41","COs"
793,23,3,43,"C23Cl3H43","COs"
794,24,3,45,"C24Cl3H45","COs"
795,25,3,47,"C25Cl3H47","COs"
796,26,3,49,"C26Cl3H49","COs"
797,27,3,51,"C27Cl3H51","COs"
798,28,3,53,"C28Cl3H53","COs"
799,29,3,55,"C29Cl3H55","COs"
800,30,3,57,"C30Cl3H57","COs"
801,31,3,59,"C31Cl3H59","COs"
802,32,3,61,"C32Cl3H61","COs"
803,33,3,63,"C33Cl3H63","COs"
804,34,3,65,"C34Cl3H65","COs"
805,35,3,67,"C35Cl3H67","COs"
806,36,3,69,"C36Cl3H69","COs"
807,7,4,10,"C7Cl4H10","COs"
808,8,4,12,"C8Cl4H12","COs"
809,9,4,14,"C9Cl4H14","COs"
810,10,4,16,"C10Cl4H16","COs"
811,11,4,18,"C11Cl4H18","COs"
812,12,4,20,"C12Cl4H20","COs"
813,13,4,22,"C13Cl4H22","COs"
814,14,4,24,"C14Cl4H24","COs"
815,15,4,26,"C15Cl4H26","COs"
816,16,4,28,"C16Cl4H28","COs"
817,17,4,30,"C17Cl4H30","COs"
818,18,4,32,"C18Cl4H32","COs"
819,19,4,34,"C19Cl4H34","COs"
820,20,4,36,"C20Cl4H36","COs"
821,21,4,38,"C21Cl4H38","COs"
822,22,4,40,"C22Cl4H40","COs"
823,23,4,42,"C23Cl4H42","COs"
824,24,4,44,"C24Cl4H44","COs"
825,25,4,46,"C25Cl4H46","COs"
826,26,4,48,"C26Cl4H48","COs"
827,27,4,50,"C27Cl4H50","COs"
828,28,4,52,"C28Cl4H52","COs"
829,29,4,54,"C29Cl4H54","COs"
830,30,4,56,"C30Cl4H56","COs"
831,31,4,58,"C31Cl4H58","COs"
832,32,4,60,"C32Cl4H60","COs"
833,33,4,62,"C33Cl4H62","COs"
834,34,4,64,"C34Cl4H64","COs"
835,35,4,66,"C35Cl4H66","COs"
836,36,4,68,"C36Cl4H68","COs"
837,7,5,9,"C7Cl5H9","COs"
838,8,5,11,"C8Cl5H11","COs"
839,9,5,13,"C9Cl5H13","COs"
840,10,5,15,"C10Cl5H15","COs"
841,11,5,17,"C11Cl5H17","COs"
842,12,5,19,"C12Cl5H19","COs"
843,13,5,21,"C13Cl5H21","COs"
844,14,5,23,"C14Cl5H23","COs"
845,15,5,25,"C15Cl5H25","COs"
846,16,5,27,"C16Cl5H27","COs"
847,17,5,29,"C17Cl5H29","COs"
848,18,5,31,"C18Cl5H31","COs"
849,19,5,33,"C19Cl5H33","COs"
850,20,5,35,"C20Cl5H35","COs"
851,21,5,37,"C21Cl5H37","COs"
852,22,5,39,"C22Cl5H39","COs"
853,23,5,41,"C23Cl5H41","COs"
854,24,5,43,"C24Cl5H43","COs"
855,25,5,45,"C25Cl5H45","COs"
856,26,5,47,"C26Cl5H47","COs"
857,27,5,49,"C27Cl5H49","COs"
858,28,5,51,"C28Cl5H51","COs"
859,29,5,53,"C29Cl5H53","COs"
860,30,5,55,"C30Cl5H55","COs"
861,31,5,57,"C31Cl5H57","COs"
862,32,5,59,"C32Cl5H59","COs"
863,33,5,61,"C33Cl5H61","COs"
864,34,5,63,"C34Cl5H63","COs"
865,35,5,65,"C35Cl5H65","COs"
866,36,5,67,"C36Cl5H67","COs"
867,7,6,8,"C7Cl6H8","COs"
868,8,6,10,"C8Cl6H10","COs"
869,9,6,12,"C9Cl6H12","COs"
870,10,6,14,"C10Cl6H14","COs"
871,11,6,16,"C11Cl6H16","COs"
872,12,6,18,"C12Cl6H18","COs"
873,13,6,20,"C13Cl6H20","COs"
874,14,6,22,"C14Cl6H22","COs"
875,15,6,24,"C15Cl6H24","COs"
876,16,6,26,"C16Cl6H26","COs"
877,17,6,28,"C17Cl6H28","COs"
878,18,6,30,"C18Cl6H30","COs"
879,19,6,32,"C19Cl6H32","COs"
880,20,6,34,"C20Cl6H34","COs"
881,21,6,36,"C21Cl6H36","COs"
882,22,6,38,"C22Cl6H38","COs"
883,23,6,40,"C23Cl6H40","COs"
884,24,6,42,"C24Cl6H42","COs"
885,25,6,44,"C25Cl6H44","COs"
886,26,6,46,"C26Cl6H46","COs"
887,27,6,48,"C27Cl6H48","COs"
888,28,6,50,"C28Cl6H50","COs"
889,29,6,52,"C29Cl6H52","COs"
890,30,6,54,"C30Cl6H54","COs"
891,31,6,56,"C31Cl6H56","COs"
892,32,6,58,"C32Cl6H58","COs"
893,33,6,60,"C33Cl6H60","COs"
894,34,6,62,"C34Cl6H62","COs"
895,35,6,64,"C35Cl6H64","COs"
896,36,6,66,"C36Cl6H66","COs"
897,7,7,7,"C7Cl7H7","COs"
898,8,7,9,"C8Cl7H9","COs"
899,9,7,11,"C9Cl7H11","COs"
900,10,7,13,"C10Cl7H13","COs"
901,11,7,15,"C11Cl7H15","COs"
902,12,7,17,"C12Cl7H17","COs"
903,13,7,19,"C13Cl7H19","COs"
904,14,7,21,"C14Cl7H21","COs"
905,15,7,23,"C15Cl7H23","COs"
906,16,7,25,"C16Cl7H25","COs"
907,17,7,27,"C17Cl7H27","COs"
908,18,7,29,"C18Cl7H29","COs"
909,19,7,31,"C19Cl7H31","COs"
910,20,7,33,"C20Cl7H33","COs"
911,21,7,35,"C21Cl7H35","COs"
912,22,7,37,"C22Cl7H37","COs"
913,23,7,39,"C23Cl7H39","COs"
914,24,7,41,"C24Cl7H41","COs"
915,25,7,43,"C25Cl7H43","COs"
916,26,7,45,"C26Cl7H45","COs"
917,27,7,47,"C27Cl7H47","COs"
918,28,7,49,"C28Cl7H49","COs"
919,29,7,51,"C29Cl7H51","COs"
920,30,7,53,"C30Cl7H53","COs"
921,31,7,55,"C31Cl7H55","COs"
922,32,7,57,"C32Cl7H57","COs"
923,33,7,59,"C33Cl7H59","COs"
924,34,7,61,"C34Cl7H61","COs"
925,35,7,63,"C35Cl7H63","COs"
926,36,7,65,"C36Cl7H65","COs"
927,7,8,6,"C7Cl8H6","COs"
928,8,8,8,"C8Cl8H8","COs"
929,9,8,10,"C9Cl8H10","COs"
930,10,8,12,"C10Cl8H12","COs"
931,11,8,14,"C11Cl8H14","COs"
932,12,8,16,"C12Cl8H16","COs"
933,13,8,18,"C13Cl8H18","COs"
934,14,8,20,"C14Cl8H20","COs"
935,15,8,22,"C15Cl8H22","COs"
936,16,8,24,"C16Cl8H24","COs"
937,17,8,26,"C17Cl8H26","COs"
938,18,8,28,"C18Cl8H28","COs"
939,19,8,30,"C19Cl8H30","COs"
940,20,8,32,"C20Cl8H32","COs"
941,21,8,34,"C21Cl8H34","COs"
942,22,8,36,"C22Cl8H36","COs"
943,23,8,38,"C23Cl8H38","COs"
944,24,8,40,"C24Cl8H40","COs"
945,25,8,42,"C25Cl8H42","COs"
946,26,8,44,"C26Cl8H44","COs"
947,27,8,46,"C27Cl8H46","COs"
948,28,8,48,"C28Cl8H48","COs"
949,29,8,50,"C29Cl8H50","COs"
950,30,8,52,"C30Cl8H52","COs"
951,31,8,54,"C31Cl8H54","COs"
952,32,8,56,"C32Cl8H56","COs"
953,33,8,58,"C33Cl8H58","COs"
954,34,8,60,"C34Cl8H60","COs"
955,35,8,62,"C35Cl8H62","COs"
956,36,8,64,"C36Cl8H64","COs"
957,7,9,5,"C7Cl9H5","COs"
958,8,9,7,"C8Cl9H7","COs"
959,9,9,9,"C9Cl9H9","COs"
960,10,9,11,"C10Cl9H11","COs"
961,11,9,13,"C11Cl9H13","COs"
962,12,9,15,"C12Cl9H15","COs"
963,13,9,17,"C13Cl9H17","COs"
964,14,9,19,"C14Cl9H19","COs"
965,15,9,21,"C15Cl9H21","COs"
966,16,9,23,"C16Cl9H23","COs"
967,17,9,25,"C17Cl9H25","COs"
968,18,9,27,"C18Cl9H27","COs"
969,19,9,29,"C19Cl9H29","COs"
970,20,9,31,"C20Cl9H31","COs"
971,21,9,33,"C21Cl9H33","COs"
972,22,9,35,"C22Cl9H35","COs"
973,23,9,37,"C23Cl9H37","COs"
974,24,9,39,"C24Cl9H39","COs"
975,25,9,41,"C25Cl9H41","COs"
976,26,9,43,"C26Cl9H43","COs"
977,27,9,45,"C27Cl9H45","COs"
978,28,9,47,"C28Cl9H47","COs"
979,29,9,49,"C29Cl9H49","COs"
980,30,9,51,"C30Cl9H51","COs"
981,31,9,53,"C31Cl9H53","COs"
982,32,9,55,"C32Cl9H55","COs"
983,33,9,57,"C33Cl9H57","COs"
984,34,9,59,"C34Cl9H59","COs"
985,35,9,61,"C35Cl9H61","COs"
986,36,9,63,"C36Cl9H63","COs"
987,7,10,4,"C7Cl10H4","COs"
988,8,10,6,"C8Cl10H6","COs"
989,9,10,8,"C9Cl10H8","COs"
990,10,10,10,"C10Cl10H10","COs"
991,11,10,12,"C11Cl10H12","COs"
992,12,10,14,"C12Cl10H14","COs"
993,13,10,16,"C13Cl10H16","COs"
994,14,10,18,"C14Cl10H18","COs"
995,15,10,20,"C15Cl10H20","COs"
996,16,10,22,"C16Cl10H22","COs"
997,17,10,24,"C17Cl10H24","COs"
998,18,10,26,"C18Cl10H26","COs"
999,19,10,28,"C19Cl10H28","COs"
1000,20,10,30,"C20Cl10H30","COs"
1001,21,10,32,"C21Cl10H32","COs"
1002,22,10,34,"C22Cl10H34","COs"
1003,23,10,36,"C23Cl10H36","COs"
1004,24,10,38,"C24Cl10H38","COs"
1005,25,10,40,"C25Cl10H40","COs"
1006,26,10,42,"C26Cl10H42","COs"
1007,27,10,44,"C27Cl10H44","COs"
1008,28,10,46,"C28Cl10H46","COs"
1009,29,10,48,"C29Cl10H48","COs"
1010,30,10,50,"C30Cl10H50","COs"
1011,31,10,52,"C31Cl10H52","COs"
1012,32,10,54,"C32Cl10H54","COs"
1013,33,10,56,"C33Cl10H56","COs"
1014,34,10,58,"C34Cl10H58","COs"
1015,35,10,60,"C35Cl10H60","COs"
1016,36,10,62,"C36Cl10H62","COs"
1017,7,11,3,"C7Cl11H3","COs"
1018,8,11,5,"C8Cl11H5","COs"
1019,9,11,7,"C9Cl11H7","COs"
1020,10,11,9,"C10Cl11H9","COs"
1021,11,11,11,"C11Cl11H11","COs"
1022,12,11,13,"C12Cl11H13","COs"
1023,13,11,15,"C13Cl11H15","COs"
1024,14,11,17,"C14Cl11H17","COs"
1025,15,11,19,"C15Cl11H19","COs"
1026,16,11,21,"C16Cl11H21","COs"
1027,17,11,23,"C17Cl11H23","COs"
1028,18,11,25,"C18Cl11H25","COs"
1029,19,11,27,"C19Cl11H27","COs"
1030,20,11,29,"C20Cl11H29","COs"
1031,21,11,31,"C21Cl11H31","COs"
1032,22,11,33,"C22Cl11H33","COs"
1033,23,11,35,"C23Cl11H35","COs"
1034,24,11,37,"C24Cl11H37","COs"
1035,25,11,39,"C25Cl11H39","COs"
1036,26,11,41,"C26Cl11H41","COs"
1037,27,11,43,"C27Cl11H43","COs"
1038,28,11,45,"C28Cl11H45","COs"
1039,29,11,47,"C29Cl11H47","COs"
1040,30,11,49,"C30Cl11H49","COs"
1041,31,11,51,"C31Cl11H51","COs"
1042,32,11,53,"C32Cl11H53","COs"
1043,33,11,55,"C33Cl11H55","COs"
1044,34,11,57,"C34Cl11H57","COs"
1045,35,11,59,"C35Cl11H59","COs"
1046,36,11,61,"C36Cl11H61","COs"
1047,7,12,2,"C7Cl12H2","COs"
1048,8,12,4,"C8Cl12H4","COs"
1049,9,12,6,"C9Cl12H6","COs"
1050,10,12,8,"C10Cl12H8","COs"
1051,11,12,10,"C11Cl12H10","COs"
1052,12,12,12,"C12Cl12H12","COs"
1053,13,12,14,"C13Cl12H14","COs"
1054,14,12,16,"C14Cl12H16","COs"
1055,15,12,18,"C15Cl12H18","COs"
1056,16,12,20,"C16Cl12H20","COs"
1057,17,12,22,"C17Cl12H22","COs"
1058,18,12,24,"C18Cl12H24","COs"
1059,19,12,26,"C19Cl12H26","COs"
1060,20,12,28,"C20Cl12H28","COs"
1061,21,12,30,"C21Cl12H30","COs"
1062,22,12,32,"C22Cl12H32","COs"
1063,23,12,34,"C23Cl12H34","COs"
1064,24,12,36,"C24Cl12H36","COs"
1065,25,12,38,"C25Cl12H38","COs"
1066,26,12,40,"C26Cl12H40","COs"
1067,27,12,42,"C27Cl12H42","COs"
1068,28,12,44,"C28Cl12H44","COs"
1069,29,12,46,"C29Cl12H46","COs"
1070,30,12,48,"C30Cl12H48","COs"
1071,31,12,50,"C31Cl12H50","COs"
1072,32,12,52,"C32Cl12H52","COs"
1073,33,12,54,"C33Cl12H54","COs"
1074,34,12,56,"C34Cl12H56","COs"
1075,35,12,58,"C35Cl12H58","COs"
1076,36,12,60,"C36Cl12H60","COs"
1077,7,13,1,"C7Cl13H1","COs"
1078,8,13,3,"C8Cl13H3","COs"
1079,9,13,5,"C9Cl13H5","COs"
1080,10,13,7,"C10Cl13H7","COs"
1081,11,13,9,"C11Cl13H9","COs"
1082,12,13,11,"C12Cl13H11","COs"
1083,13,13,13,"C13Cl13H13","COs"
1084,14,13,15,"C14Cl13H15","COs"
1085,15,13,17,"C15Cl13H17","COs"
1086,16,13,19,"C16Cl13H19","COs"
1087,17,13,21,"C17Cl13H21","COs"
1088,18,13,23,"C18Cl13H23","COs"
1089,19,13,25,"C19Cl13H25","COs"
1090,20,13,27,"C20Cl13H27","COs"
1091,21,13,29,"C21Cl13H29","COs"
1092,22,13,31,"C22Cl13H31","COs"
1093,23,13,33,"C23Cl13H33","COs"
1094,24,13,35,"C24Cl13H35","COs"
1095,25,13,37,"C25Cl13H37","COs"
1096,26,13,39,"C26Cl13H39","COs"
1097,27,13,41,"C27Cl13H41","COs"
1098,28,13,43,"C28Cl13H43","COs"
1099,29,13,45,"C29Cl13H45","COs"
1100,30,13,47,"C30Cl13H47","COs"
1101,31,13,49,"C31Cl13H49","COs"
1102,32,13,51,"C32Cl13H51","COs"
1103,33,13,53,"C33Cl13H53","COs"
1104,34,13,55,"C34Cl13H55","COs"
1105,35,13,57,"C35Cl13H57","COs"
1106,36,13,59,"C36Cl13H59","COs"
1107,8,14,2,"C8Cl14H2","COs"
1108,9,14,4,"C9Cl14H4","COs"
1109,10,14,6,"C10Cl14H6","COs"
1110,11,14,8,"C11Cl14H8","COs"
1111,12,14,10,"C12Cl14H10","COs"
1112,13,14,12,"C13Cl14H12","COs"
1113,14,14,14,"C14Cl14H14","COs"
1114,15,14,16,"C15Cl14H16","COs"
1115,16,14,18,"C16Cl14H18","COs"
1116,17,14,20,"C17Cl14H20","COs"
1117,18,14,22,"C18Cl14H22","COs"
1118,19,14,24,"C19Cl14H24","COs"
1119,20,14,26,"C20Cl14H26","COs"
1120,21,14,28,"C21Cl14H28","COs"
1121,22,14,30,"C22Cl14H30","COs"
1122,23,14,32,"C23Cl14H32","COs"
1123,24,14,34,"C24Cl14H34","COs"
1124,25,14,36,"C25Cl14H36","COs"
1125,26,14,38,"C26Cl14H38","COs"
1126,27,14,40,"C27Cl14H40","COs"
1127,28,14,42,"C28Cl14H42","COs"
1128,29,14,44,"C29Cl14H44","COs"
1129,30,14,46,"C30Cl14H46","COs"
1130,31,14,48,"C31Cl14H48","COs"
1131,32,14,50,"C32Cl14H50","COs"
1132,33,14,52,"C33Cl14H52","COs"
1133,34,14,54,"C34Cl14H54","COs"
1134,35,14,56,"C35Cl14H56","COs"
1135,36,14,58,"C36Cl14H58","COs"
1136,8,15,1,"C8Cl15H1","COs"
1137,9,15,3,"C9Cl15H3","COs"
1138,10,15,5,"C10Cl15H5","COs"
1139,11,15,7,"C11Cl15H7","COs"
1140,12,15,9,"C12Cl15H9","COs"
1141,13,15,11,"C13Cl15H11","COs"
1142,14,15,13,"C14Cl15H13","COs"
1143,15,15,15,"C15Cl15H15","COs"
1144,16,15,17,"C16Cl15H17","COs"
1145,17,15,19,"C17Cl15H19","COs"
1146,18,15,21,"C18Cl15H21","COs"
1147,19,15,23,"C19Cl15H23","COs"
1148,20,15,25,"C20Cl15H25","COs"
1149,21,15,27,"C21Cl15H27","COs"
1150,22,15,29,"C22Cl15H29","COs"
1151,23,15,31,"C23Cl15H31","COs"
1152,24,15,33,"C24Cl15H33","COs"
1153,25,15,35,"C25Cl15H35","COs"
1154,26,15,37,"C26Cl15H37","COs"
1155,27,15,39,"C27Cl15H39","COs"
1156,28,15,41,"C28Cl15H41","COs"
1157,29,15,43,"C29Cl15H43","COs"
1158,30,15,45,"C30Cl15H45","COs"
1159,31,15,47,"C31Cl15H47","COs"
1160,32,15,49,"C32Cl15H49","COs"
1161,33,15,51,"C33Cl15H51","COs"
1162,34,15,53,"C34Cl15H53","COs"
1163,35,15,55,"C35Cl15H55","COs"
1164,36,15,57,"C36Cl15H57","COs"
1165,9,16,2,"C9Cl16H2","COs"
1166,10,16,4,"C10Cl16H4","COs"
1167,11,16,6,"C11Cl16H6","COs"
1168,12,16,8,"C12Cl16H8","COs"
1169,13,16,10,"C13Cl16H10","COs"
1170,14,16,12,"C14Cl16H12","COs"
1171,15,16,14,"C15Cl16H14","COs"
1172,16,16,16,"C16Cl16H16","COs"
1173,17,16,18,"C17Cl16H18","COs"
1174,18,16,20,"C18Cl16H20","COs"
1175,19,16,22,"C19Cl16H22","COs"
1176,20,16,24,"C20Cl16H24","COs"
1177,21,16,26,"C21Cl16H26","COs"
1178,22,16,28,"C22Cl16H28","COs"
1179,23,16,30,"C23Cl16H30","COs"
1180,24,16,32,"C24Cl16H32","COs"
1181,25,16,34,"C25Cl16H34","COs"
1182,26,16,36,"C26Cl16H36","COs"
1183,27,16,38,"C27Cl16H38","COs"
1184,28,16,40,"C28Cl16H40","COs"
1185,29,16,42,"C29Cl16H42","COs"
1186,30,16,44,"C30Cl16H44","COs"
1187,31,16,46,"C31Cl16H46","COs"
1188,32,16,48,"C32Cl16H48","COs"
1189,33,16,50,"C33Cl16H50","COs"
1190,34,16,52,"C34Cl16H52","COs"
1191,35,16,54,"C35Cl16H54","COs"
1192,36,16,56,"C36Cl16H56","COs"
1193,9,17,1,"C9Cl17H1","COs"
1194,10,17,3,"C10Cl17H3","COs"
1195,11,17,5,"C11Cl17H5","COs"
1196,12,17,7,"C12Cl17H7","COs"
1197,13,17,9,"C13Cl17H9","COs"
1198,14,17,11,"C14Cl17H11","COs"
1199,15,17,13,"C15Cl17H13","COs"
1200,16,17,15,"C16Cl17H15","COs"
1201,17,17,17,"C17Cl17H17","COs"
1202,18,17,19,"C18Cl17H19","COs"
1203,19,17,21,"C19Cl17H21","COs"
1204,20,17,23,"C20Cl17H23","COs"
1205,21,17,25,"C21Cl17H25","COs"
1206,22,17,27,"C22Cl17H27","COs"
1207,23,17,29,"C23Cl17H29","COs"
1208,24,17,31,"C24Cl17H31","COs"
1209,25,17,33,"C25Cl17H33","COs"
1210,26,17,35,"C26Cl17H35","COs"
1211,27,17,37,"C27Cl17H37","COs"
1212,28,17,39,"C28Cl17H39","COs"
1213,29,17,41,"C29Cl17H41","COs"
1214,30,17,43,"C30Cl17H43","COs"
1215,31,17,45,"C31Cl17H45","COs"
1216,32,17,47,"C32Cl17H47","COs"
1217,33,17,49,"C33Cl17H49","COs"
1218,34,17,51,"C34Cl17H51","COs"
1219,35,17,53,"C35Cl17H53","COs"
1220,36,17,55,"C36Cl17H55","COs"
1221,10,18,2,"C10Cl18H2","COs"
1222,11,18,4,"C11Cl18H4","COs"
1223,12,18,6,"C12Cl18H6","COs"
1224,13,18,8,"C13Cl18H8","COs"
1225,14,18,10,"C14Cl18H10","COs"
1226,15,18,12,"C15Cl18H12","COs"
1227,16,18,14,"C16Cl18H14","COs"
1228,17,18,16,"C17Cl18H16","COs"
1229,18,18,18,"C18Cl18H18","COs"
1230,19,18,20,"C19Cl18H20","COs"
1231,20,18,22,"C20Cl18H22","COs"
1232,21,18,24,"C21Cl18H24","COs"
1233,22,18,26,"C22Cl18H26","COs"
1234,23,18,28,"C23Cl18H28","COs"
1235,24,18,30,"C24Cl18H30","COs"
1236,25,18,32,"C25Cl18H32","COs"
1237,26,18,34,"C26Cl18H34","COs"
1238,27,18,36,"C27Cl18H36","COs"
1239,28,18,38,"C28Cl18H38","COs"
1240,29,18,40,"C29Cl18H40","COs"
1241,30,18,42,"C30Cl18H42","COs"
1242,31,18,44,"C31Cl18H44","COs"
1243,32,18,46,"C32Cl18H46","COs"
1244,33,18,48,"C33Cl18H48","COs"
1245,34,18,50,"C34Cl18H50","COs"
1246,35,18,52,"C35Cl18H52","COs"
1247,36,18,54,"C36Cl18H54","COs"
1248,10,19,1,"C10Cl19H1","COs"
1249,11,19,3,"C11Cl19H3","COs"
1250,12,19,5,"C12Cl19H5","COs"
1251,13,19,7,"C13Cl19H7","COs"
1252,14,19,9,"C14Cl19H9","COs"
1253,15,19,11,"C15Cl19H11","COs"
1254,16,19,13,"C16Cl19H13","COs"
1255,17,19,15,"C17Cl19H15","COs"
1256,18,19,17,"C18Cl19H17","COs"
1257,19,19,19,"C19Cl19H19","COs"
1258,20,19,21,"C20Cl19H21","COs"
1259,21,19,23,"C21Cl19H23","COs"
1260,22,19,25,"C22Cl19H25","COs"
1261,23,19,27,"C23Cl19H27","COs"
1262,24,19,29,"C24Cl19H29","COs"
1263,25,19,31,"C25Cl19H31","COs"
1264,26,19,33,"C26Cl19H33","COs"
1265,27,19,35,"C27Cl19H35","COs"
1266,28,19,37,"C28Cl19H37","COs"
1267,29,19,39,"C29Cl19H39","COs"
1268,30,19,41,"C30Cl19H41","COs"
1269,31,19,43,"C31Cl19H43","COs"
1270,32,19,45,"C32Cl19H45","COs"
1271,33,19,47,"C33Cl19H47","COs"
1272,34,19,49,"C34Cl19H49","COs"
1273,35,19,51,"C35Cl19H51","COs"
1274,36,19,53,"C36Cl19H53","COs"
1275,11,20,2,"C11Cl20H2","COs"
1276,12,20,4,"C12Cl20H4","COs"
1277,13,20,6,"C13Cl20H6","COs"
1278,14,20,8,"C14Cl20H8","COs"
1279,15,20,10,"C15Cl20H10","COs"
1280,16,20,12,"C16Cl20H12","COs"
1281,17,20,14,"C17Cl20H14","COs"
1282,18,20,16,"C18Cl20H16","COs"
1283,19,20,18,"C19Cl20H18","COs"
1284,20,20,20,"C20Cl20H20","COs"
1285,21,20,22,"C21Cl20H22","COs"
1286,22,20,24,"C22Cl20H24","COs"
1287,23,20,26,"C23Cl20H26","COs"
1288,24,20,28,"C24Cl20H28","COs"
1289,25,20,30,"C25Cl20H30","COs"
1290,26,20,32,"C26Cl20H32","COs"
1291,27,20,34,"C27Cl20H34","COs"
1292,28,20,36,"C28Cl20H36","COs"
1293,29,20,38,"C29Cl20H38","COs"
1294,30,20,40,"C30Cl20H40","COs"
1295,31,20,42,"C31Cl20H42","COs"
1296,32,20,44,"C32Cl20H44","COs"
1297,33,20,46,"C33Cl20H46","COs"
1298,34,20,48,"C34Cl20H48","COs"
1299,35,20,50,"C35Cl20H50","COs"
1300,36,20,52,"C36Cl20H52","COs"
1301,11,21,1,"C11Cl21H1","COs"
1302,12,21,3,"C12Cl21H3","COs"
1303,13,21,5,"C13Cl21H5","COs"
1304,14,21,7,"C14Cl21H7","COs"
1305,15,21,9,"C15Cl21H9","COs"
1306,16,21,11,"C16Cl21H11","COs"
1307,17,21,13,"C17Cl21H13","COs"
1308,18,21,15,"C18Cl21H15","COs"
1309,19,21,17,"C19Cl21H17","COs"
1310,20,21,19,"C20Cl21H19","COs"
1311,21,21,21,"C21Cl21H21","COs"
1312,22,21,23,"C22Cl21H23","COs"
1313,23,21,25,"C23Cl21H25","COs"
1314,24,21,27,"C24Cl21H27","COs"
1315,25,21,29,"C25Cl21H29","COs"
1316,26,21,31,"C26Cl21H31","COs"
1317,27,21,33,"C27Cl21H33","COs"
1318,28,21,35,"C28Cl21H35","COs"
1319,29,21,37,"C29Cl21H37","COs"
1320,30,21,39,"C30Cl21H39","COs"
1321,31,21,41,"C31Cl21H41","COs"
1322,32,21,43,"C32Cl21H43","COs"
1323,33,21,45,"C33Cl21H45","COs"
1324,34,21,47,"C34Cl21H47","COs"
1325,35,21,49,"C35Cl21H49","COs"
1326,36,21,51,"C36Cl21H51","COs"
1327,12,22,2,"C12Cl22H2","COs"
1328,13,22,4,"C13Cl22H4","COs"
1329,14,22,6,"C14Cl22H6","COs"
1330,15,22,8,"C15Cl22H8","COs"
1331,16,22,10,"C16Cl22H10","COs"
1332,17,22,12,"C17Cl22H12","COs"
1333,18,22,14,"C18Cl22H14","COs"
1334,19,22,16,"C19Cl22H16","COs"
1335,20,22,18,"C20Cl22H18","COs"
1336,21,22,20,"C21Cl22H20","COs"
1337,22,22,22,"C22Cl22H22","COs"
1338,23,22,24,"C23Cl22H24","COs"
1339,24,22,26,"C24Cl22H26","COs"
1340,25,22,28,"C25Cl22H28","COs"
1341,26,22,30,"C26Cl22H30","COs"
1342,27,22,32,"C27Cl22H32","COs"
1343,28,22,34,"C28Cl22H34","COs"
1344,29,22,36,"C29Cl22H36","COs"
1345,30,22,38,"C30Cl22H38","COs"
1346,31,22,40,"C31Cl22H40","COs"
1347,32,22,42,"C32Cl22H42","COs"
1348,33,22,44,"C33Cl22H44","COs"
1349,34,22,46,"C34Cl22H46","COs"
1350,35,22,48,"C35Cl22H48","COs"
1351,36,22,50,"C36Cl22H50","COs"
1352,12,23,1,"C12Cl23H1","COs"
1353,13,23,3,"C13Cl23H3","COs"
1354,14,23,5,"C14Cl23H5","COs"
1355,15,23,7,"C15Cl23H7","COs"
1356,16,23,9,"C16Cl23H9","COs"
1357,17,23,11,"C17Cl23H11","COs"
1358,18,23,13,"C18Cl23H13","COs"
1359,19,23,15,"C19Cl23H15","COs"
1360,20,23,17,"C20Cl23H17","COs"
1361,21,23,19,"C21Cl23H19","COs"
1362,22,23,21,"C22Cl23H21","COs"
1363,23,23,23,"C23Cl23H23","COs"
1364,24,23,25,"C24Cl23H25","COs"
1365,25,23,27,"C25Cl23H27","COs"
1366,26,23,29,"C26Cl23H29","COs"
1367,27,23,31,"C27Cl23H31","COs"
1368,28,23,33,"C28Cl23H33","COs"
1369,29,23,35,"C29Cl23H35","COs"
1370,30,23,37,"C30Cl23H37","COs"
1371,31,23,39,"C31Cl23H39","COs"
1372,32,23,41,"C32Cl23H41","COs"
1373,33,23,43,"C33Cl23H43","COs"
1374,34,23,45,"C34Cl23H45","COs"
1375,35,23,47,"C35Cl23H47","COs"
1376,36,23,49,"C36Cl23H49","COs"
1377,13,24,2,"C13Cl24H2","COs"
1378,14,24,4,"C14Cl24H4","COs"
1379,15,24,6,"C15Cl24H6","COs"
1380,16,24,8,"C16Cl24H8","COs"
1381,17,24,10,"C17Cl24H10","COs"
1382,18,24,12,"C18Cl24H12","COs"
1383,19,24,14,"C19Cl24H14","COs"
1384,20,24,16,"C20Cl24H16","COs"
1385,21,24,18,"C21Cl24H18","COs"
1386,22,24,20,"C22Cl24H20","COs"
1387,23,24,22,"C23Cl24H22","COs"
1388,24,24,24,"C24Cl24H24","COs"
1389,25,24,26,"C25Cl24H26","COs"
1390,26,24,28,"C26Cl24H28","COs"
1391,27,24,30,"C27Cl24H30","COs"
1392,28,24,32,"C28Cl24H32","COs"
1393,29,24,34,"C29Cl24H34","COs"
1394,30,24,36,"C30Cl24H36","COs"
1395,31,24,38,"C31Cl24H38","COs"
1396,32,24,40,"C32Cl24H40","COs"
1397,33,24,42,"C33Cl24H42","COs"
1398,34,24,44,"C34Cl24H44","COs"
1399,35,24,46,"C35Cl24H46","COs"
1400,36,24,48,"C36Cl24H48","COs"
1401,13,25,1,"C13Cl25H1","COs"
1402,14,25,3,"C14Cl25H3","COs"
1403,15,25,5,"C15Cl25H5","COs"
1404,16,25,7,"C16Cl25H7","COs"
1405,17,25,9,"C17Cl25H9","COs"
1406,18,25,11,"C18Cl25H11","COs"
1407,19,25,13,"C19Cl25H13","COs"
1408,20,25,15,"C20Cl25H15","COs"
1409,21,25,17,"C21Cl25H17","COs"
1410,22,25,19,"C22Cl25H19","COs"
1411,23,25,21,"C23Cl25H21","COs"
1412,24,25,23,"C24Cl25H23","COs"
1413,25,25,25,"C25Cl25H25","COs"
1414,26,25,27,"C26Cl25H27","COs"
1415,27,25,29,"C27Cl25H29","COs"
1416,28,25,31,"C28Cl25H31","COs"
1417,29,25,33,"C29Cl25H33","COs"
1418,30,25,35,"C30Cl25H35","COs"
1419,31,25,37,"C31Cl25H37","COs"
1420,32,25,39,"C32Cl25H39","COs"
1421,33,25,41,"C33Cl25H41","COs"
1422,34,25,43,"C34Cl25H43","COs"
1423,35,25,45,"C35Cl25H45","COs"
1424,36,25,47,"C36Cl25H47","COs"
1425,14,26,2,"C14Cl26H2","COs"
1426,15,26,4,"C15Cl26H4","COs"
1427,16,26,6,"C16Cl26H6","COs"
1428,17,26,8,"C17Cl26H8","COs"
1429,18,26,10,"C18Cl26H10","COs"
1430,19,26,12,"C19Cl26H12","COs"
1431,20,26,14,"C20Cl26H14","COs"
1432,21,26,16,"C21Cl26H16","COs"
1433,22,26,18,"C22Cl26H18","COs"
1434,23,26,20,"C23Cl26H20","COs"
1435,24,26,22,"C24Cl26H22","COs"
1436,25,26,24,"C25Cl26H24","COs"
1437,26,26,26,"C26Cl26H26","COs"
1438,27,26,28,"C27Cl26H28","COs"
1439,28,26,30,"C28Cl26H30","COs"
1440,29,26,32,"C29Cl26H32","COs"
1441,30,26,34,"C30Cl26H34","COs"
1442,31,26,36,"C31Cl26H36","COs"
1443,32,26,38,"C32Cl26H38","COs"
1444,33,26,40,"C33Cl26H40","COs"
1445,34,26,42,"C34Cl26H42","COs"
1446,35,26,44,"C35Cl26H44","COs"
1447,36,26,46,"C36Cl26H46","COs"
1448,14,27,1,"C14Cl27H1","COs"
1449,15,27,3,"C15Cl27H3","COs"
1450,16,27,5,"C16Cl27H5","COs"
1451,17,27,7,"C17Cl27H7","COs"
1452,18,27,9,"C18Cl27H9","COs"
1453,19,27,11,"C19Cl27H11","COs"
1454,20,27,13,"C20Cl27H13","COs"
1455,21,27,15,"C21Cl27H15","COs"
1456,22,27,17,"C22Cl27H17","COs"
1457,23,27,19,"C23Cl27H19","COs"
1458,24,27,21,"C24Cl27H21","COs"
1459,25,27,23,"C25Cl27H23","COs"
1460,26,27,25,"C26Cl27H25","COs"
1461,27,27,27,"C27Cl27H27","COs"
1462,28,27,29,"C28Cl27H29","COs"
1463,29,27,31,"C29Cl27H31","COs"
1464,30,27,33,"C30Cl27H33","COs"
1465,31,27,35,"C31Cl27H35","COs"
1466,32,27,37,"C32Cl27H37","COs"
1467,33,27,39,"C33Cl27H39","COs"
1468,34,27,41,"C34Cl27H41","COs"
1469,35,27,43,"C35Cl27H43","COs"
1470,36,27,45,"C36Cl27H45","COs"
1471,15,28,2,"C15Cl28H2","COs"
1472,16,28,4,"C16Cl28H4","COs"
1473,17,28,6,"C17Cl28H6","COs"
1474,18,28,8,"C18Cl28H8","COs"
1475,19,28,10,"C19Cl28H10","COs"
1476,20,28,12,"C20Cl28H12","COs"
1477,21,28,14,"C21Cl28H14","COs"
1478,22,28,16,"C22Cl28H16","COs"
1479,23,28,18,"C23Cl28H18","COs"
1480,24,28,20,"C24Cl28H20","COs"
1481,25,28,22,"C25Cl28H22","COs"
1482,26,28,24,"C26Cl28H24","COs"
1483,27,28,26,"C27Cl28H26","COs"
1484,28,28,28,"C28Cl28H28","COs"
1485,29,28,30,"C29Cl28H30","COs"
1486,30,28,32,"C30Cl28H32","COs"
1487,31,28,34,"C31Cl28H34","COs"
1488,32,28,36,"C32Cl28H36","COs"
1489,33,28,38,"C33Cl28H38","COs"
1490,34,28,40,"C34Cl28H40","COs"
1491,35,28,42,"C35Cl28H42","COs"
1492,36,28,44,"C36Cl28H44","COs"
1493,15,29,1,"C15Cl29H1","COs"
1494,16,29,3,"C16Cl29H3","COs"
1495,17,29,5,"C17Cl29H5","COs"
1496,18,29,7,"C18Cl29H7","COs"
1497,19,29,9,"C19Cl29H9","COs"
1498,20,29,11,"C20Cl29H11","COs"
1499,21,29,13,"C21Cl29H13","COs"
1500,22,29,15,"C22Cl29H15","COs"
1501,23,29,17,"C23Cl29H17","COs"
1502,24,29,19,"C24Cl29H19","COs"
1503,25,29,21,"C25Cl29H21","COs"
1504,26,29,23,"C26Cl29H23","COs"
1505,27,29,25,"C27Cl29H25","COs"
1506,28,29,27,"C28Cl29H27","COs"
1507,29,29,29,"C29Cl29H29","COs"
1508,30,29,31,"C30Cl29H31","COs"
1509,31,29,33,"C31Cl29H33","COs"
1510,32,29,35,"C32Cl29H35","COs"
1511,33,29,37,"C33Cl29H37","COs"
1512,34,29,39,"C34Cl29H39","COs"
1513,35,29,41,"C35Cl29H41","COs"
1514,36,29,43,"C36Cl29H43","COs"
1515,16,30,2,"C16Cl30H2","COs"
1516,17,30,4,"C17Cl30H4","COs"
1517,18,30,6,"C18Cl30H6","COs"
1518,19,30,8,"C19Cl30H8","COs"
1519,20,30,10,"C20Cl30H10","COs"
1520,21,30,12,"C21Cl30H12","COs"
1521,22,30,14,"C22Cl30H14","COs"
1522,23,30,16,"C23Cl30H16","COs"
1523,24,30,18,"C24Cl30H18","COs"
1524,25,30,20,"C25Cl30H20","COs"
1525,26,30,22,"C26Cl30H22","COs"
1526,27,30,24,"C27Cl30H24","COs"
1527,28,30,26,"C28Cl30H26","COs"
1528,29,30,28,"C29Cl30H28","COs"
1529,30,30,30,"C30Cl30H30","COs"
1530,31,30,32,"C31Cl30H32","COs"
1531,32,30,34,"C32Cl30H34","COs"
1532,33,30,36,"C33Cl30H36","COs"
1533,34,30,38,"C34Cl30H38","COs"
1534,35,30,40,"C35Cl30H40","COs"
1535,36,30,42,"C36Cl30H42","COs"
1536,7,3,9,"C7Cl3H9","CdiOs"
1537,8,3,11,"C8Cl3H11","CdiOs"
1538,9,3,13,"C9Cl3H13","CdiOs"
1539,10,3,15,"C10Cl3H15","CdiOs"
1540,11,3,17,"C11Cl3H17","CdiOs"
1541,12,3,19,"C12Cl3H19","CdiOs"
1542,13,3,21,"C13Cl3H21","CdiOs"
1543,14,3,23,"C14Cl3H23","CdiOs"
1544,15,3,25,"C15Cl3H25","CdiOs"
1545,16,3,27,"C16Cl3H27","CdiOs"
1546,17,3,29,"C17Cl3H29","CdiOs"
1547,18,3,31,"C18Cl3H31","CdiOs"
1548,19,3,33,"C19Cl3H33","CdiOs"
1549,20,3,35,"C20Cl3H35","CdiOs"
1550,21,3,37,"C21Cl3H37","CdiOs"
1551,22,3,39,"C22Cl3H39","CdiOs"
1552,23,3,41,"C23Cl3H41","CdiOs"
1553,24,3,43,"C24Cl3H43","CdiOs"
1554,25,3,45,"C25Cl3H45","CdiOs"
1555,26,3,47,"C26Cl3H47","CdiOs"
1556,27,3,49,"C27Cl3H49","CdiOs"
1557,28,3,51,"C28Cl3H51","CdiOs"
1558,29,3,53,"C29Cl3H53","CdiOs"
1559,30,3,55,"C30Cl3H55","CdiOs"
1560,31,3,57,"C31Cl3H57","CdiOs"
1561,32,3,59,"C32Cl3H59","CdiOs"
1562,33,3,61,"C33Cl3H61","CdiOs"
1563,34,3,63,"C34Cl3H63","CdiOs"
1564,35,3,65,"C35Cl3H65","CdiOs"
1565,36,3,67,"C36Cl3H67","CdiOs"
1566,7,4,8,"C7Cl4H8","CdiOs"
1567,8,4,10,"C8Cl4H10","CdiOs"
1568,9,4,12,"C9Cl4H12","CdiOs"
1569,10,4,14,"C10Cl4H14","CdiOs"
1570,11,4,16,"C11Cl4H16","CdiOs"
1571,12,4,18,"C12Cl4H18","CdiOs"
1572,13,4,20,"C13Cl4H20","CdiOs"
1573,14,4,22,"C14Cl4H22","CdiOs"
1574,15,4,24,"C15Cl4H24","CdiOs"
1575,16,4,26,"C16Cl4H26","CdiOs"
1576,17,4,28,"C17Cl4H28","CdiOs"
1577,18,4,30,"C18Cl4H30","CdiOs"
1578,19,4,32,"C19Cl4H32","CdiOs"
1579,20,4,34,"C20Cl4H34","CdiOs"
1580,21,4,36,"C21Cl4H36","CdiOs"
1581,22,4,38,"C22Cl4H38","CdiOs"
1582,23,4,40,"C23Cl4H40","CdiOs"
1583,24,4,42,"C24Cl4H42","CdiOs"
1584,25,4,44,"C25Cl4H44","CdiOs"
1585,26,4,46,"C26Cl4H46","CdiOs"
1586,27,4,48,"C27Cl4H48","CdiOs"
1587,28,4,50,"C28Cl4H50","CdiOs"
1588,29,4,52,"C29Cl4H52","CdiOs"
1589,30,4,54,"C30Cl4H54","CdiOs"
1590,31,4,56,"C31Cl4H56","CdiOs"
1591,32,4,58,"C32Cl4H58","CdiOs"
1592,33,4,60,"C33Cl4H60","CdiOs"
1593,34,4,62,"C34Cl4H62","CdiOs"
1594,35,4,64,"C35Cl4H64","CdiOs"
1595,36,4,66,"C36Cl4H66","CdiOs"
1596,7,5,7,"C7Cl5H7","CdiOs"
1597,8,5,9,"C8Cl5H9","CdiOs"
1598,9,5,11,"C9Cl5H11","CdiOs"
1599,10,5,13,"C10Cl5H13","CdiOs"
1600,11,5,15,"C11Cl5H15","CdiOs"
1601,12,5,17,"C12Cl5H17","CdiOs"
1602,13,5,19,"C13Cl5H19","CdiOs"
1603,14,5,21,"C14Cl5H21","CdiOs"
1604,15,5,23,"C15Cl5H23","CdiOs"
1605,16,5,25,"C16Cl5H25","CdiOs"
1606,17,5,27,"C17Cl5H27","CdiOs"
1607,18,5,29,"C18Cl5H29","CdiOs"
1608,19,5,31,"C19Cl5H31","CdiOs"
1609,20,5,33,"C20Cl5H33","CdiOs"
1610,21,5,35,"C21Cl5H35","CdiOs"
1611,22,5,37,"C22Cl5H37","CdiOs"
1612,23,5,39,"C23Cl5H39","CdiOs"
1613,24,5,41,"C24Cl5H41","CdiOs"
1614,25,5,43,"C25Cl5H43","CdiOs"
1615,26,5,45,"C26Cl5H45","CdiOs"
1616,27,5,47,"C27Cl5H47","CdiOs"
1617,28,5,49,"C28Cl5H49","CdiOs"
1618,29,5,51,"C29Cl5H51","CdiOs"
1619,30,5,53,"C30Cl5H53","CdiOs"
1620,31,5,55,"C31Cl5H55","CdiOs"
1621,32,5,57,"C32Cl5H57","CdiOs"
1622,33,5,59,"C33Cl5H59","CdiOs"
1623,34,5,61,"C34Cl5H61","CdiOs"
1624,35,5,63,"C35Cl5H63","CdiOs"
1625,36,5,65,"C36Cl5H65","CdiOs"
1626,7,6,6,"C7Cl6H6","CdiOs"
1627,8,6,8,"C8Cl6H8","CdiOs"
1628,9,6,10,"C9Cl6H10","CdiOs"
1629,10,6,12,"C10Cl6H12","CdiOs"
1630,11,6,14,"C11Cl6H14","CdiOs"
1631,12,6,16,"C12Cl6H16","CdiOs"
1632,13,6,18,"C13Cl6H18","CdiOs"
1633,14,6,20,"C14Cl6H20","CdiOs"
1634,15,6,22,"C15Cl6H22","CdiOs"
1635,16,6,24,"C16Cl6H24","CdiOs"
1636,17,6,26,"C17Cl6H26","CdiOs"
1637,18,6,28,"C18Cl6H28","CdiOs"
1638,19,6,30,"C19Cl6H30","CdiOs"
1639,20,6,32,"C20Cl6H32","CdiOs"
1640,21,6,34,"C21Cl6H34","CdiOs"
1641,22,6,36,"C22Cl6H36","CdiOs"
1642,23,6,38,"C23Cl6H38","CdiOs"
1643,24,6,40,"C24Cl6H40","CdiOs"
1644,25,6,42,"C25Cl6H42","CdiOs"
1645,26,6,44,"C26Cl6H44","CdiOs"
1646,27,6,46,"C27Cl6H46","CdiOs"
1647,28,6,48,"C28Cl6H48","CdiOs"
1648,29,6,50,"C29Cl6H50","CdiOs"
1649,30,6,52,"C30Cl6H52","CdiOs"
1650,31,6,54,"C31Cl6H54","CdiOs"
1651,32,6,56,"C32Cl6H56","CdiOs"
1652,33,6,58,"C33Cl6H58","CdiOs"
1653,34,6,60,"C34Cl6H60","CdiOs"
1654,35,6,62,"C35Cl6H62","CdiOs"
1655,36,6,64,"C36Cl6H64","CdiOs"
1656,7,7,5,"C7Cl7H5","CdiOs"
1657,8,7,7,"C8Cl7H7","CdiOs"
1658,9,7,9,"C9Cl7H9","CdiOs"
1659,10,7,11,"C10Cl7H11","CdiOs"
1660,11,7,13,"C11Cl7H13","CdiOs"
1661,12,7,15,"C12Cl7H15","CdiOs"
1662,13,7,17,"C13Cl7H17","CdiOs"
1663,14,7,19,"C14Cl7H19","CdiOs"
1664,15,7,21,"C15Cl7H21","CdiOs"
1665,16,7,23,"C16Cl7H23","CdiOs"
1666,17,7,25,"C17Cl7H25","CdiOs"
1667,18,7,27,"C18Cl7H27","CdiOs"
1668,19,7,29,"C19Cl7H29","CdiOs"
1669,20,7,31,"C20Cl7H31","CdiOs"
1670,21,7,33,"C21Cl7H33","CdiOs"
1671,22,7,35,"C22Cl7H35","CdiOs"
1672,23,7,37,"C23Cl7H37","CdiOs"
1673,24,7,39,"C24Cl7H39","CdiOs"
1674,25,7,41,"C25Cl7H41","CdiOs"
1675,26,7,43,"C26Cl7H43","CdiOs"
1676,27,7,45,"C27Cl7H45","CdiOs"
1677,28,7,47,"C28Cl7H47","CdiOs"
1678,29,7,49,"C29Cl7H49","CdiOs"
1679,30,7,51,"C30Cl7H51","CdiOs"
1680,31,7,53,"C31Cl7H53","CdiOs"
1681,32,7,55,"C32Cl7H55","CdiOs"
1682,33,7,57,"C33Cl7H57","CdiOs"
1683,34,7,59,"C34Cl7H59","CdiOs"
1684,35,7,61,"C35Cl7H61","CdiOs"
1685,36,7,63,"C36Cl7H63","CdiOs"
1686,7,8,4,"C7Cl8H4","CdiOs"
1687,8,8,6,"C8Cl8H6","CdiOs"
1688,9,8,8,"C9Cl8H8","CdiOs"
1689,10,8,10,"C10Cl8H10","CdiOs"
1690,11,8,12,"C11Cl8H12","CdiOs"
1691,12,8,14,"C12Cl8H14","CdiOs"
1692,13,8,16,"C13Cl8H16","CdiOs"
1693,14,8,18,"C14Cl8H18","CdiOs"
1694,15,8,20,"C15Cl8H20","CdiOs"
1695,16,8,22,"C16Cl8H22","CdiOs"
1696,17,8,24,"C17Cl8H24","CdiOs"
1697,18,8,26,"C18Cl8H26","CdiOs"
1698,19,8,28,"C19Cl8H28","CdiOs"
1699,20,8,30,"C20Cl8H30","CdiOs"
1700,21,8,32,"C21Cl8H32","CdiOs"
1701,22,8,34,"C22Cl8H34","CdiOs"
1702,23,8,36,"C23Cl8H36","CdiOs"
1703,24,8,38,"C24Cl8H38","CdiOs"
1704,25,8,40,"C25Cl8H40","CdiOs"
1705,26,8,42,"C26Cl8H42","CdiOs"
1706,27,8,44,"C27Cl8H44","CdiOs"
1707,28,8,46,"C28Cl8H46","CdiOs"
1708,29,8,48,"C29Cl8H48","CdiOs"
1709,30,8,50,"C30Cl8H50","CdiOs"
1710,31,8,52,"C31Cl8H52","CdiOs"
1711,32,8,54,"C32Cl8H54","CdiOs"
1712,33,8,56,"C33Cl8H56","CdiOs"
1713,34,8,58,"C34Cl8H58","CdiOs"
1714,35,8,60,"C35Cl8H60","CdiOs"
1715,36,8,62,"C36Cl8H62","CdiOs"
1716,7,9,3,"C7Cl9H3","CdiOs"
1717,8,9,5,"C8Cl9H5","CdiOs"
1718,9,9,7,"C9Cl9H7","CdiOs"
1719,10,9,9,"C10Cl9H9","CdiOs"
1720,11,9,11,"C11Cl9H11","CdiOs"
1721,12,9,13,"C12Cl9H13","CdiOs"
1722,13,9,15,"C13Cl9H15","CdiOs"
1723,14,9,17,"C14Cl9H17","CdiOs"
1724,15,9,19,"C15Cl9H19","CdiOs"
1725,16,9,21,"C16Cl9H21","CdiOs"
1726,17,9,23,"C17Cl9H23","CdiOs"
1727,18,9,25,"C18Cl9H25","CdiOs"
1728,19,9,27,"C19Cl9H27","CdiOs"
1729,20,9,29,"C20Cl9H29","CdiOs"
1730,21,9,31,"C21Cl9H31","CdiOs"
1731,22,9,33,"C22Cl9H33","CdiOs"
1732,23,9,35,"C23Cl9H35","CdiOs"
1733,24,9,37,"C24Cl9H37","CdiOs"
1734,25,9,39,"C25Cl9H39","CdiOs"
1735,26,9,41,"C26Cl9H41","CdiOs"
1736,27,9,43,"C27Cl9H43","CdiOs"
1737,28,9,45,"C28Cl9H45","CdiOs"
1738,29,9,47,"C29Cl9H47","CdiOs"
1739,30,9,49,"C30Cl9H49","CdiOs"
1740,31,9,51,"C31Cl9H51","CdiOs"
1741,32,9,53,"C32Cl9H53","CdiOs"
1742,33,9,55,"C33Cl9H55","CdiOs"
1743,34,9,57,"C34Cl9H57","CdiOs"
1744,35,9,59,"C35Cl9H59","CdiOs"
1745,36,9,61,"C36Cl9H61","CdiOs"
1746,7,10,2,"C7Cl10H2","CdiOs"
1747,8,10,4,"C8Cl10H4","CdiOs"
1748,9,10,6,"C9Cl10H6","CdiOs"
1749,10,10,8,"C10Cl10H8","CdiOs"
1750,11,10,10,"C11Cl10H10","CdiOs"
1751,12,10,12,"C12Cl10H12","CdiOs"
1752,13,10,14,"C13Cl10H14","CdiOs"
1753,14,10,16,"C14Cl10H16","CdiOs"
1754,15,10,18,"C15Cl10H18","CdiOs"
1755,16,10,20,"C16Cl10H20","CdiOs"
1756,17,10,22,"C17Cl10H22","CdiOs"
1757,18,10,24,"C18Cl10H24","CdiOs"
1758,19,10,26,"C19Cl10H26","CdiOs"
1759,20,10,28,"C20Cl10H28","CdiOs"
1760,21,10,30,"C21Cl10H30","CdiOs"
1761,22,10,32,"C22Cl10H32","CdiOs"
1762,23,10,34,"C23Cl10H34","CdiOs"
1763,24,10,36,"C24Cl10H36","CdiOs"
1764,25,10,38,"C25Cl10H38","CdiOs"
1765,26,10,40,"C26Cl10H40","CdiOs"
1766,27,10,42,"C27Cl10H42","CdiOs"
1767,28,10,44,"C28Cl10H44","CdiOs"
1768,29,10,46,"C29Cl10H46","CdiOs"
1769,30,10,48,"C30Cl10H48","CdiOs"
1770,31,10,50,"C31Cl10H50","CdiOs"
1771,32,10,52,"C32Cl10H52","CdiOs"
1772,33,10,54,"C33Cl10H54","CdiOs"
1773,34,10,56,"C34Cl10H56","CdiOs"
1774,35,10,58,"C35Cl10H58","CdiOs"
1775,36,10,60,"C36Cl10H60","CdiOs"
1776,7,11,1,"C7Cl11H1","CdiOs"
1777,8,11,3,"C8Cl11H3","CdiOs"
1778,9,11,5,"C9Cl11H5","CdiOs"
1779,10,11,7,"C10Cl11H7","CdiOs"
1780,11,11,9,"C11Cl11H9","CdiOs"
1781,12,11,11,"C12Cl11H11","CdiOs"
1782,13,11,13,"C13Cl11H13","CdiOs"
1783,14,11,15,"C14Cl11H15","CdiOs"
1784,15,11,17,"C15Cl11H17","CdiOs"
1785,16,11,19,"C16Cl11H19","CdiOs"
1786,17,11,21,"C17Cl11H21","CdiOs"
1787,18,11,23,"C18Cl11H23","CdiOs"
1788,19,11,25,"C19Cl11H25","CdiOs"
1789,20,11,27,"C20Cl11H27","CdiOs"
1790,21,11,29,"C21Cl11H29","CdiOs"
1791,22,11,31,"C22Cl11H31","CdiOs"
1792,23,11,33,"C23Cl11H33","CdiOs"
1793,24,11,35,"C24Cl11H35","CdiOs"
1794,25,11,37,"C25Cl11H37","CdiOs"
1795,26,11,39,"C26Cl11H39","CdiOs"
1796,27,11,41,"C27Cl11H41","CdiOs"
1797,28,11,43,"C28Cl11H43","CdiOs"
1798,29,11,45,"C29Cl11H45","CdiOs"
1799,30,11,47,"C30Cl11H47","CdiOs"
1800,31,11,49,"C31Cl11H49","CdiOs"
1801,32,11,51,"C32Cl11H51","CdiOs"
1802,33,11,53,"C33Cl11H53","CdiOs"
1803,34,11,55,"C34Cl11H55","CdiOs"
1804,35,11,57,"C35Cl11H57","CdiOs"
1805,36,11,59,"C36Cl11H59","CdiOs"
1806,8,12,2,"C8Cl12H2","CdiOs"
1807,9,12,4,"C9Cl12H4","CdiOs"
1808,10,12,6,"C10Cl12H6","CdiOs"
1809,11,12,8,"C11Cl12H8","CdiOs"
1810,12,12,10,"C12Cl12H10","CdiOs"
1811,13,12,12,"C13Cl12H12","CdiOs"
1812,14,12,14,"C14Cl12H14","CdiOs"
1813,15,12,16,"C15Cl12H16","CdiOs"
1814,16,12,18,"C16Cl12H18","CdiOs"
1815,17,12,20,"C17Cl12H20","CdiOs"
1816,18,12,22,"C18Cl12H22","CdiOs"
1817,19,12,24,"C19Cl12H24","CdiOs"
1818,20,12,26,"C20Cl12H26","CdiOs"
1819,21,12,28,"C21Cl12H28","CdiOs"
1820,22,12,30,"C22Cl12H30","CdiOs"
1821,23,12,32,"C23Cl12H32","CdiOs"
1822,24,12,34,"C24Cl12H34","CdiOs"
1823,25,12,36,"C25Cl12H36","CdiOs"
1824,26,12,38,"C26Cl12H38","CdiOs"
1825,27,12,40,"C27Cl12H40","CdiOs"
1826,28,12,42,"C28Cl12H42","CdiOs"
1827,29,12,44,"C29Cl12H44","CdiOs"
1828,30,12,46,"C30Cl12H46","CdiOs"
1829,31,12,48,"C31Cl12H48","CdiOs"
1830,32,12,50,"C32Cl12H50","CdiOs"
1831,33,12,52,"C33Cl12H52","CdiOs"
1832,34,12,54,"C34Cl12H54","CdiOs"
1833,35,12,56,"C35Cl12H56","CdiOs"
1834,36,12,58,"C36Cl12H58","CdiOs"
1835,8,13,1,"C8Cl13H1","CdiOs"
1836,9,13,3,"C9Cl13H3","CdiOs"
1837,10,13,5,"C10Cl13H5","CdiOs"
1838,11,13,7,"C11Cl13H7","CdiOs"
1839,12,13,9,"C12Cl13H9","CdiOs"
1840,13,13,11,"C13Cl13H11","CdiOs"
1841,14,13,13,"C14Cl13H13","CdiOs"
1842,15,13,15,"C15Cl13H15","CdiOs"
1843,16,13,17,"C16Cl13H17","CdiOs"
1844,17,13,19,"C17Cl13H19","CdiOs"
1845,18,13,21,"C18Cl13H21","CdiOs"
1846,19,13,23,"C19Cl13H23","CdiOs"
1847,20,13,25,"C20Cl13H25","CdiOs"
1848,21,13,27,"C21Cl13H27","CdiOs"
1849,22,13,29,"C22Cl13H29","CdiOs"
1850,23,13,31,"C23Cl13H31","CdiOs"
1851,24,13,33,"C24Cl13H33","CdiOs"
1852,25,13,35,"C25Cl13H35","CdiOs"
1853,26,13,37,"C26Cl13H37","CdiOs"
1854,27,13,39,"C27Cl13H39","CdiOs"
1855,28,13,41,"C28Cl13H41","CdiOs"
1856,29,13,43,"C29Cl13H43","CdiOs"
1857,30,13,45,"C30Cl13H45","CdiOs"
1858,31,13,47,"C31Cl13H47","CdiOs"
1859,32,13,49,"C32Cl13H49","CdiOs"
1860,33,13,51,"C33Cl13H51","CdiOs"
1861,34,13,53,"C34Cl13H53","CdiOs"
1862,35,13,55,"C35Cl13H55","CdiOs"
1863,36,13,57,"C36Cl13H57","CdiOs"
1864,9,14,2,"C9Cl14H2","CdiOs"
1865,10,14,4,"C10Cl14H4","CdiOs"
1866,11,14,6,"C11Cl14H6","CdiOs"
1867,12,14,8,"C12Cl14H8","CdiOs"
1868,13,14,10,"C13Cl14H10","CdiOs"
1869,14,14,12,"C14Cl14H12","CdiOs"
1870,15,14,14,"C15Cl14H14","CdiOs"
1871,16,14,16,"C16Cl14H16","CdiOs"
1872,17,14,18,"C17Cl14H18","CdiOs"
1873,18,14,20,"C18Cl14H20","CdiOs"
1874,19,14,22,"C19Cl14H22","CdiOs"
1875,20,14,24,"C20Cl14H24","CdiOs"
1876,21,14,26,"C21Cl14H26","CdiOs"
1877,22,14,28,"C22Cl14H28","CdiOs"
1878,23,14,30,"C23Cl14H30","CdiOs"
1879,24,14,32,"C24Cl14H32","CdiOs"
1880,25,14,34,"C25Cl14H34","CdiOs"
1881,26,14,36,"C26Cl14H36","CdiOs"
1882,27,14,38,"C27Cl14H38","CdiOs"
1883,28,14,40,"C28Cl14H40","CdiOs"
1884,29,14,42,"C29Cl14H42","CdiOs"
1885,30,14,44,"C30Cl14H44","CdiOs"
1886,31,14,46,"C31Cl14H46","CdiOs"
1887,32,14,48,"C32Cl14H48","CdiOs"
1888,33,14,50,"C33Cl14H50","CdiOs"
1889,34,14,52,"C34Cl14H52","CdiOs"
1890,35,14,54,"C35Cl14H54","CdiOs"
1891,36,14,56,"C36Cl14H56","CdiOs"
1892,9,15,1,"C9Cl15H1","CdiOs"
1893,10,15,3,"C10Cl15H3","CdiOs"
1894,11,15,5,"C11Cl15H5","CdiOs"
1895,12,15,7,"C12Cl15H7","CdiOs"
1896,13,15,9,"C13Cl15H9","CdiOs"
1897,14,15,11,"C14Cl15H11","CdiOs"
1898,15,15,13,"C15Cl15H13","CdiOs"
1899,16,15,15,"C16Cl15H15","CdiOs"
1900,17,15,17,"C17Cl15H17","CdiOs"
1901,18,15,19,"C18Cl15H19","CdiOs"
1902,19,15,21,"C19Cl15H21","CdiOs"
1903,20,15,23,"C20Cl15H23","CdiOs"
1904,21,15,25,"C21Cl15H25","CdiOs"
1905,22,15,27,"C22Cl15H27","CdiOs"
1906,23,15,29,"C23Cl15H29","CdiOs"
1907,24,15,31,"C24Cl15H31","CdiOs"
1908,25,15,33,"C25Cl15H33","CdiOs"
1909,26,15,35,"C26Cl15H35","CdiOs"
1910,27,15,37,"C27Cl15H37","CdiOs"
1911,28,15,39,"C28Cl15H39","CdiOs"
1912,29,15,41,"C29Cl15H41","CdiOs"
1913,30,15,43,"C30Cl15H43","CdiOs"
1914,31,15,45,"C31Cl15H45","CdiOs"
1915,32,15,47,"C32Cl15H47","CdiOs"
1916,33,15,49,"C33Cl15H49","CdiOs"
1917,34,15,51,"C34Cl15H51","CdiOs"
1918,35,15,53,"C35Cl15H53","CdiOs"
1919,36,15,55,"C36Cl15H55","CdiOs"
1920,10,16,2,"C10Cl16H2","CdiOs"
1921,11,16,4,"C11Cl16H4","CdiOs"
1922,12,16,6,"C12Cl16H6","CdiOs"
1923,13,16,8,"C13Cl16H8","CdiOs"
1924,14,16,10,"C14Cl16H10","CdiOs"
1925,15,16,12,"C15Cl16H12","CdiOs"
1926,16,16,14,"C16Cl16H14","CdiOs"
1927,17,16,16,"C17Cl16H16","CdiOs"
1928,18,16,18,"C18Cl16H18","CdiOs"
1929,19,16,20,"C19Cl16H20","CdiOs"
1930,20,16,22,"C20Cl16H22","CdiOs"
1931,21,16,24,"C21Cl16H24","CdiOs"
1932,22,16,26,"C22Cl16H26","CdiOs"
1933,23,16,28,"C23Cl16H28","CdiOs"
1934,24,16,30,"C24Cl16H30","CdiOs"
1935,25,16,32,"C25Cl16H32","CdiOs"
1936,26,16,34,"C26Cl16H34","CdiOs"
1937,27,16,36,"C27Cl16H36","CdiOs"
1938,28,16,38,"C28Cl16H38","CdiOs"
1939,29,16,40,"C29Cl16H40","CdiOs"
1940,30,16,42,"C30Cl16H42","CdiOs"
1941,31,16,44,"C31Cl16H44","CdiOs"
1942,32,16,46,"C32Cl16H46","CdiOs"
1943,33,16,48,"C33Cl16H48","CdiOs"
1944,34,16,50,"C34Cl16H50","CdiOs"
1945,35,16,52,"C35Cl16H52","CdiOs"
1946,36,16,54,"C36Cl16H54","CdiOs"
1947,10,17,1,"C10Cl17H1","CdiOs"
1948,11,17,3,"C11Cl17H3","CdiOs"
1949,12,17,5,"C12Cl17H5","CdiOs"
1950,13,17,7,"C13Cl17H7","CdiOs"
1951,14,17,9,"C14Cl17H9","CdiOs"
1952,15,17,11,"C15Cl17H11","CdiOs"
1953,16,17,13,"C16Cl17H13","CdiOs"
1954,17,17,15,"C17Cl17H15","CdiOs"
1955,18,17,17,"C18Cl17H17","CdiOs"
1956,19,17,19,"C19Cl17H19","CdiOs"
1957,20,17,21,"C20Cl17H21","CdiOs"
1958,21,17,23,"C21Cl17H23","CdiOs"
1959,22,17,25,"C22Cl17H25","CdiOs"
1960,23,17,27,"C23Cl17H27","CdiOs"
1961,24,17,29,"C24Cl17H29","CdiOs"
1962,25,17,31,"C25Cl17H31","CdiOs"
1963,26,17,33,"C26Cl17H33","CdiOs"
1964,27,17,35,"C27Cl17H35","CdiOs"
1965,28,17,37,"C28Cl17H37","CdiOs"
1966,29,17,39,"C29Cl17H39","CdiOs"
1967,30,17,41,"C30Cl17H41","CdiOs"
1968,31,17,43,"C31Cl17H43","CdiOs"
1969,32,17,45,"C32Cl17H45","CdiOs"
1970,33,17,47,"C33Cl17H47","CdiOs"
1971,34,17,49,"C34Cl17H49","CdiOs"
1972,35,17,51,"C35Cl17H51","CdiOs"
1973,36,17,53,"C36Cl17H53","CdiOs"
1974,11,18,2,"C11Cl18H2","CdiOs"
1975,12,18,4,"C12Cl18H4","CdiOs"
1976,13,18,6,"C13Cl18H6","CdiOs"
1977,14,18,8,"C14Cl18H8","CdiOs"
1978,15,18,10,"C15Cl18H10","CdiOs"
1979,16,18,12,"C16Cl18H12","CdiOs"
1980,17,18,14,"C17Cl18H14","CdiOs"
1981,18,18,16,"C18Cl18H16","CdiOs"
1982,19,18,18,"C19Cl18H18","CdiOs"
1983,20,18,20,"C20Cl18H20","CdiOs"
1984,21,18,22,"C21Cl18H22","CdiOs"
1985,22,18,24,"C22Cl18H24","CdiOs"
1986,23,18,26,"C23Cl18H26","CdiOs"
1987,24,18,28,"C24Cl18H28","CdiOs"
1988,25,18,30,"C25Cl18H30","CdiOs"
1989,26,18,32,"C26Cl18H32","CdiOs"
1990,27,18,34,"C27Cl18H34","CdiOs"
1991,28,18,36,"C28Cl18H36","CdiOs"
1992,29,18,38,"C29Cl18H38","CdiOs"
1993,30,18,40,"C30Cl18H40","CdiOs"
1994,31,18,42,"C31Cl18H42","CdiOs"
1995,32,18,44,"C32Cl18H44","CdiOs"
1996,33,18,46,"C33Cl18H46","CdiOs"
1997,34,18,48,"C34Cl18H48","CdiOs"
1998,35,18,50,"C35Cl18H50","CdiOs"
1999,36,18,52,"C36Cl18H52","CdiOs"
2000,11,19,1,"C11Cl19H1","CdiOs"
2001,12,19,3,"C12Cl19H3","CdiOs"
2002,13,19,5,"C13Cl19H5","CdiOs"
2003,14,19,7,"C14Cl19H7","CdiOs"
2004,15,19,9,"C15Cl19H9","CdiOs"
2005,16,19,11,"C16Cl19H11","CdiOs"
2006,17,19,13,"C17Cl19H13","CdiOs"
2007,18,19,15,"C18Cl19H15","CdiOs"
2008,19,19,17,"C19Cl19H17","CdiOs"
2009,20,19,19,"C20Cl19H19","CdiOs"
2010,21,19,21,"C21Cl19H21","CdiOs"
2011,22,19,23,"C22Cl19H23","CdiOs"
2012,23,19,25,"C23Cl19H25","CdiOs"
2013,24,19,27,"C24Cl19H27","CdiOs"
2014,25,19,29,"C25Cl19H29","CdiOs"
2015,26,19,31,"C26Cl19H31","CdiOs"
2016,27,19,33,"C27Cl19H33","CdiOs"
2017,28,19,35,"C28Cl19H35","CdiOs"
2018,29,19,37,"C29Cl19H37","CdiOs"
2019,30,19,39,"C30Cl19H39","CdiOs"
2020,31,19,41,"C31Cl19H41","CdiOs"
2021,32,19,43,"C32Cl19H43","CdiOs"
2022,33,19,45,"C33Cl19H45","CdiOs"
2023,34,19,47,"C34Cl19H47","CdiOs"
2024,35,19,49,"C35Cl19H49","CdiOs"
2025,36,19,51,"C36Cl19H51","CdiOs"
2026,12,20,2,"C12Cl20H2","CdiOs"
2027,13,20,4,"C13Cl20H4","CdiOs"
2028,14,20,6,"C14Cl20H6","CdiOs"
2029,15,20,8,"C15Cl20H8","CdiOs"
2030,16,20,10,"C16Cl20H10","CdiOs"
2031,17,20,12,"C17Cl20H12","CdiOs"
2032,18,20,14,"C18Cl20H14","CdiOs"
2033,19,20,16,"C19Cl20H16","CdiOs"
2034,20,20,18,"C20Cl20H18","CdiOs"
2035,21,20,20,"C21Cl20H20","CdiOs"
2036,22,20,22,"C22Cl20H22","CdiOs"
2037,23,20,24,"C23Cl20H24","CdiOs"
2038,24,20,26,"C24Cl20H26","CdiOs"
2039,25,20,28,"C25Cl20H28","CdiOs"
2040,26,20,30,"C26Cl20H30","CdiOs"
2041,27,20,32,"C27Cl20H32","CdiOs"
2042,28,20,34,"C28Cl20H34","CdiOs"
2043,29,20,36,"C29Cl20H36","CdiOs"
2044,30,20,38,"C30Cl20H38","CdiOs"
2045,31,20,40,"C31Cl20H40","CdiOs"
2046,32,20,42,"C32Cl20H42","CdiOs"
2047,33,20,44,"C33Cl20H44","CdiOs"
2048,34,20,46,"C34Cl20H46","CdiOs"
2049,35,20,48,"C35Cl20H48","CdiOs"
2050,36,20,50,"C36Cl20H50","CdiOs"
2051,12,21,1,"C12Cl21H1","CdiOs"
2052,13,21,3,"C13Cl21H3","CdiOs"
2053,14,21,5,"C14Cl21H5","CdiOs"
2054,15,21,7,"C15Cl21H7","CdiOs"
2055,16,21,9,"C16Cl21H9","CdiOs"
2056,17,21,11,"C17Cl21H11","CdiOs"
2057,18,21,13,"C18Cl21H13","CdiOs"
2058,19,21,15,"C19Cl21H15","CdiOs"
2059,20,21,17,"C20Cl21H17","CdiOs"
2060,21,21,19,"C21Cl21H19","CdiOs"
2061,22,21,21,"C22Cl21H21","CdiOs"
2062,23,21,23,"C23Cl21H23","CdiOs"
2063,24,21,25,"C24Cl21H25","CdiOs"
2064,25,21,27,"C25Cl21H27","CdiOs"
2065,26,21,29,"C26Cl21H29","CdiOs"
2066,27,21,31,"C27Cl21H31","CdiOs"
2067,28,21,33,"C28Cl21H33","CdiOs"
2068,29,21,35,"C29Cl21H35","CdiOs"
2069,30,21,37,"C30Cl21H37","CdiOs"
2070,31,21,39,"C31Cl21H39","CdiOs"
2071,32,21,41,"C32Cl21H41","CdiOs"
2072,33,21,43,"C33Cl21H43","CdiOs"
2073,34,21,45,"C34Cl21H45","CdiOs"
2074,35,21,47,"C35Cl21H47","CdiOs"
2075,36,21,49,"C36Cl21H49","CdiOs"
2076,13,22,2,"C13Cl22H2","CdiOs"
2077,14,22,4,"C14Cl22H4","CdiOs"
2078,15,22,6,"C15Cl22H6","CdiOs"
2079,16,22,8,"C16Cl22H8","CdiOs"
2080,17,22,10,"C17Cl22H10","CdiOs"
2081,18,22,12,"C18Cl22H12","CdiOs"
2082,19,22,14,"C19Cl22H14","CdiOs"
2083,20,22,16,"C20Cl22H16","CdiOs"
2084,21,22,18,"C21Cl22H18","CdiOs"
2085,22,22,20,"C22Cl22H20","CdiOs"
2086,23,22,22,"C23Cl22H22","CdiOs"
2087,24,22,24,"C24Cl22H24","CdiOs"
2088,25,22,26,"C25Cl22H26","CdiOs"
2089,26,22,28,"C26Cl22H28","CdiOs"
2090,27,22,30,"C27Cl22H30","CdiOs"
2091,28,22,32,"C28Cl22H32","CdiOs"
2092,29,22,34,"C29Cl22H34","CdiOs"
2093,30,22,36,"C30Cl22H36","CdiOs"
2094,31,22,38,"C31Cl22H38","CdiOs"
2095,32,22,40,"C32Cl22H40","CdiOs"
2096,33,22,42,"C33Cl22H42","CdiOs"
2097,34,22,44,"C34Cl22H44","CdiOs"
2098,35,22,46,"C35Cl22H46","CdiOs"
2099,36,22,48,"C36Cl22H48","CdiOs"
2100,13,23,1,"C13Cl23H1","CdiOs"
2101,14,23,3,"C14Cl23H3","CdiOs"
2102,15,23,5,"C15Cl23H5","CdiOs"
2103,16,23,7,"C16Cl23H7","CdiOs"
2104,17,23,9,"C17Cl23H9","CdiOs"
2105,18,23,11,"C18Cl23H11","CdiOs"
2106,19,23,13,"C19Cl23H13","CdiOs"
2107,20,23,15,"C20Cl23H15","CdiOs"
2108,21,23,17,"C21Cl23H17","CdiOs"
2109,22,23,19,"C22Cl23H19","CdiOs"
2110,23,23,21,"C23Cl23H21","CdiOs"
2111,24,23,23,"C24Cl23H23","CdiOs"
2112,25,23,25,"C25Cl23H25","CdiOs"
2113,26,23,27,"C26Cl23H27","CdiOs"
2114,27,23,29,"C27Cl23H29","CdiOs"
2115,28,23,31,"C28Cl23H31","CdiOs"
2116,29,23,33,"C29Cl23H33","CdiOs"
2117,30,23,35,"C30Cl23H35","CdiOs"
2118,31,23,37,"C31Cl23H37","CdiOs"
2119,32,23,39,"C32Cl23H39","CdiOs"
2120,33,23,41,"C33Cl23H41","CdiOs"
2121,34,23,43,"C34Cl23H43","CdiOs"
2122,35,23,45,"C35Cl23H45","CdiOs"
2123,36,23,47,"C36Cl23H47","CdiOs"
2124,14,24,2,"C14Cl24H2","CdiOs"
2125,15,24,4,"C15Cl24H4","CdiOs"
2126,16,24,6,"C16Cl24H6","CdiOs"
2127,17,24,8,"C17Cl24H8","CdiOs"
2128,18,24,10,"C18Cl24H10","CdiOs"
2129,19,24,12,"C19Cl24H12","CdiOs"
2130,20,24,14,"C20Cl24H14","CdiOs"
2131,21,24,16,"C21Cl24H16","CdiOs"
2132,22,24,18,"C22Cl24H18","CdiOs"
2133,23,24,20,"C23Cl24H20","CdiOs"
2134,24,24,22,"C24Cl24H22","CdiOs"
2135,25,24,24,"C25Cl24H24","CdiOs"
2136,26,24,26,"C26Cl24H26","CdiOs"
2137,27,24,28,"C27Cl24H28","CdiOs"
2138,28,24,30,"C28Cl24H30","CdiOs"
2139,29,24,32,"C29Cl24H32","CdiOs"
2140,30,24,34,"C30Cl24H34","CdiOs"
2141,31,24,36,"C31Cl24H36","CdiOs"
2142,32,24,38,"C32Cl24H38","CdiOs"
2143,33,24,40,"C33Cl24H40","CdiOs"
2144,34,24,42,"C34Cl24H42","CdiOs"
2145,35,24,44,"C35Cl24H44","CdiOs"
2146,36,24,46,"C36Cl24H46","CdiOs"
2147,14,25,1,"C14Cl25H1","CdiOs"
2148,15,25,3,"C15Cl25H3","CdiOs"
2149,16,25,5,"C16Cl25H5","CdiOs"
2150,17,25,7,"C17Cl25H7","CdiOs"
2151,18,25,9,"C18Cl25H9","CdiOs"
2152,19,25,11,"C19Cl25H11","CdiOs"
2153,20,25,13,"C20Cl25H13","CdiOs"
2154,21,25,15,"C21Cl25H15","CdiOs"
2155,22,25,17,"C22Cl25H17","CdiOs"
2156,23,25,19,"C23Cl25H19","CdiOs"
2157,24,25,21,"C24Cl25H21","CdiOs"
2158,25,25,23,"C25Cl25H23","CdiOs"
2159,26,25,25,"C26Cl25H25","CdiOs"
2160,27,25,27,"C27Cl25H27","CdiOs"
2161,28,25,29,"C28Cl25H29","CdiOs"
2162,29,25,31,"C29Cl25H31","CdiOs"
2163,30,25,33,"C30Cl25H33","CdiOs"
2164,31,25,35,"C31Cl25H35","CdiOs"
2165,32,25,37,"C32Cl25H37","CdiOs"
2166,33,25,39,"C33Cl25H39","CdiOs"
2167,34,25,41,"C34Cl25H41","CdiOs"
2168,35,25,43,"C35Cl25H43","CdiOs"
2169,36,25,45,"C36Cl25H45","CdiOs"
2170,15,26,2,"C15Cl26H2","CdiOs"
2171,16,26,4,"C16Cl26H4","CdiOs"
2172,17,26,6,"C17Cl26H6","CdiOs"
2173,18,26,8,"C18Cl26H8","CdiOs"
2174,19,26,10,"C19Cl26H10","CdiOs"
2175,20,26,12,"C20Cl26H12","CdiOs"
2176,21,26,14,"C21Cl26H14","CdiOs"
2177,22,26,16,"C22Cl26H16","CdiOs"
2178,23,26,18,"C23Cl26H18","CdiOs"
2179,24,26,20,"C24Cl26H20","CdiOs"
2180,25,26,22,"C25Cl26H22","CdiOs"
2181,26,26,24,"C26Cl26H24","CdiOs"
2182,27,26,26,"C27Cl26H26","CdiOs"
2183,28,26,28,"C28Cl26H28","CdiOs"
2184,29,26,30,"C29Cl26H30","CdiOs"
2185,30,26,32,"C30Cl26H32","CdiOs"
2186,31,26,34,"C31Cl26H34","CdiOs"
2187,32,26,36,"C32Cl26H36","CdiOs"
2188,33,26,38,"C33Cl26H38","CdiOs"
2189,34,26,40,"C34Cl26H40","CdiOs"
2190,35,26,42,"C35Cl26H42","CdiOs"
2191,36,26,44,"C36Cl26H44","CdiOs"
2192,15,27,1,"C15Cl27H1","CdiOs"
2193,16,27,3,"C16Cl27H3","CdiOs"
2194,17,27,5,"C17Cl27H5","CdiOs"
2195,18,27,7,"C18Cl27H7","CdiOs"
2196,19,27,9,"C19Cl27H9","CdiOs"
2197,20,27,11,"C20Cl27H11","CdiOs"
2198,21,27,13,"C21Cl27H13","CdiOs"
2199,22,27,15,"C22Cl27H15","CdiOs"
2200,23,27,17,"C23Cl27H17","CdiOs"
2201,24,27,19,"C24Cl27H19","CdiOs"
2202,25,27,21,"C25Cl27H21","CdiOs"
2203,26,27,23,"C26Cl27H23","CdiOs"
2204,27,27,25,"C27Cl27H25","CdiOs"
2205,28,27,27,"C28Cl27H27","CdiOs"
2206,29,27,29,"C29Cl27H29","CdiOs"
2207,30,27,31,"C30Cl27H31","CdiOs"
2208,31,27,33,"C31Cl27H33","CdiOs"
2209,32,27,35,"C32Cl27H35","CdiOs"
2210,33,27,37,"C33Cl27H37","CdiOs"
2211,34,27,39,"C34Cl27H39","CdiOs"
2212,35,27,41,"C35Cl27H41","CdiOs"
2213,36,27,43,"C36Cl27H43","CdiOs"
2214,16,28,2,"C16Cl28H2","CdiOs"
2215,17,28,4,"C17Cl28H4","CdiOs"
2216,18,28,6,"C18Cl28H6","CdiOs"
2217,19,28,8,"C19Cl28H8","CdiOs"
2218,20,28,10,"C20Cl28H10","CdiOs"
2219,21,28,12,"C21Cl28H12","CdiOs"
2220,22,28,14,"C22Cl28H14","CdiOs"
2221,23,28,16,"C23Cl28H16","CdiOs"
2222,24,28,18,"C24Cl28H18","CdiOs"
2223,25,28,20,"C25Cl28H20","CdiOs"
2224,26,28,22,"C26Cl28H22","CdiOs"
2225,27,28,24,"C27Cl28H24","CdiOs"
2226,28,28,26,"C28Cl28H26","CdiOs"
2227,29,28,28,"C29Cl28H28","CdiOs"
2228,30,28,30,"C30Cl28H30","CdiOs"
2229,31,28,32,"C31Cl28H32","CdiOs"
2230,32,28,34,"C32Cl28H34","CdiOs"
2231,33,28,36,"C33Cl28H36","CdiOs"
2232,34,28,38,"C34Cl28H38","CdiOs"
2233,35,28,40,"C35Cl28H40","CdiOs"
2234,36,28,42,"C36Cl28H42","CdiOs"
2235,16,29,1,"C16Cl29H1","CdiOs"
2236,17,29,3,"C17Cl29H3","CdiOs"
2237,18,29,5,"C18Cl29H5","CdiOs"
2238,19,29,7,"C19Cl29H7","CdiOs"
2239,20,29,9,"C20Cl29H9","CdiOs"
2240,21,29,11,"C21Cl29H11","CdiOs"
2241,22,29,13,"C22Cl29H13","CdiOs"
2242,23,29,15,"C23Cl29H15","CdiOs"
2243,24,29,17,"C24Cl29H17","CdiOs"
2244,25,29,19,"C25Cl29H19","CdiOs"
2245,26,29,21,"C26Cl29H21","CdiOs"
2246,27,29,23,"C27Cl29H23","CdiOs"
2247,28,29,25,"C28Cl29H25","CdiOs"
2248,29,29,27,"C29Cl29H27","CdiOs"
2249,30,29,29,"C30Cl29H29","CdiOs"
2250,31,29,31,"C31Cl29H31","CdiOs"
2251,32,29,33,"C32Cl29H33","CdiOs"
2252,33,29,35,"C33Cl29H35","CdiOs"
2253,34,29,37,"C34Cl29H37","CdiOs"
2254,35,29,39,"C35Cl29H39","CdiOs"
2255,36,29,41,"C36Cl29H41","CdiOs"
2256,17,30,2,"C17Cl30H2","CdiOs"
2257,18,30,4,"C18Cl30H4","CdiOs"
2258,19,30,6,"C19Cl30H6","CdiOs"
2259,20,30,8,"C20Cl30H8","CdiOs"
2260,21,30,10,"C21Cl30H10","CdiOs"
2261,22,30,12,"C22Cl30H12","CdiOs"
2262,23,30,14,"C23Cl30H14","CdiOs"
2263,24,30,16,"C24Cl30H16","CdiOs"
2264,25,30,18,"C25Cl30H18","CdiOs"
2265,26,30,20,"C26Cl30H20","CdiOs"
2266,27,30,22,"C27Cl30H22","CdiOs"
2267,28,30,24,"C28Cl30H24","CdiOs"
2268,29,30,26,"C29Cl30H26","CdiOs"
2269,30,30,28,"C30Cl30H28","CdiOs"
2270,31,30,30,"C31Cl30H30","CdiOs"
2271,32,30,32,"C32Cl30H32","CdiOs"
2272,33,30,34,"C33Cl30H34","CdiOs"
2273,34,30,36,"C34Cl30H36","CdiOs"
2274,35,30,38,"C35Cl30H38","CdiOs"
2275,36,30,40,"C36Cl30H40","CdiOs"
2276,0,0,0,"C12D18Br6","standard"
2277,0,0,0,"[13]C12H18Br6","standard"
